<?xml version='1.0'?>
<home version='7400' exportFlags='17' name='Dom w everniach.sh3d' camera='observerCamera' selectedLevel='level-abfffc00-1aac-4db1-97d5-2880e7b7be75' wallHeight='190.0'>
  <environment groundColor='00A8A8A8' skyColor='00CCE4FC' lightColor='00D0D0D0'/>
  <observerCamera attribute='observerCamera' lens='PINHOLE' x='786.1351' y='433.418' z='212.0' yaw='31.024534' pitch='0.09079712' fieldOfView='1.0995575' time='1717329600000' fixedSize='true' renderer='com.eteks.sweethome3d.j3d.PhotoRenderer'/>
  <camera attribute='topCamera' lens='PINHOLE' x='908.87634' y='269.74167' z='868.2712' yaw='-346.0092' pitch='0.76999944' fieldOfView='1.0995575' time='1717329600000' renderer='com.eteks.sweethome3d.j3d.PhotoRenderer'/>
  <level id='level-3593ab34-9be4-48af-8ec4-7bf09be86bb8' name='Fundament' elevation='0.0' floorThickness='2.0' height='30.0' elevationIndex='0'/>
  <level id='level-abfffc00-1aac-4db1-97d5-2880e7b7be75' name='Parter' elevation='32.0' floorThickness='2.0' height='269.0' elevationIndex='0'/>
  <level id='level-0adc67b6-9a4b-4a28-9596-77874ccca178' name='Poddasze' elevation='328.0' floorThickness='27.0' height='234.0' elevationIndex='0' visible='false'/>
  <level id='level-513a79fc-c086-4a11-906b-853eb7443fa7' name='Dach' elevation='529.0' floorThickness='2.0' height='876.0' elevationIndex='0' visible='false'/>
  <pieceOfFurniture level='level-513a79fc-c086-4a11-906b-853eb7443fa7' name='Dach' model='1/Dach.obj' x='1137.5054' y='689.8442' angle='1.5707964' width='659.88513' depth='876.0' height='229.74734' modelRotation='1 0 0 0 0 -1 0 1 0' modelSize='4529'/>
  <doorOrWindow level='level-abfffc00-1aac-4db1-97d5-2880e7b7be75' catalogId='SeberRider#frontDoor2' name='Drzwi wejściowe' creator='Seber Rider' model='3/frontDoor2.obj' x='1409.0295' y='994.5609' width='105.0' depth='10.0' height='210.0' modelSize='96717' movable='false' wallCutOutOnBothSides='true'>
    <material name='Door_Frame' color='FF7F7E7C'/>
    <material name='Door_Frame_Head' color='FF7F7E7C'/>
    <material name='Hinge' color='FF7F7E7C'/>
    <material name='Leaf_Side_A' color='FF7F7E7C'/>
    <material name='Leaf_Side_B' color='FF7F7E7C'/>
    <material name='Pole_A' color='FF7F7E7C'/>
    <material name='Pole_B' color='FF7F7E7C'/>
  </doorOrWindow>
  <doorOrWindow level='level-abfffc00-1aac-4db1-97d5-2880e7b7be75' catalogId='eTeks#fixedWindow85x123' name='Okno nieuchylne' creator='eTeks' model='5' x='724.5783' y='709.56506' angle='4.712389' width='100.0' depth='10.0' height='230.0' modelSize='2198' movable='false' cutOutShape='M0,0 v1 h1 v-1 z' wallCutOutOnBothSides='true'>
    <material name='white' color='FF7C7C7A'/>
  </doorOrWindow>
  <doorOrWindow level='level-abfffc00-1aac-4db1-97d5-2880e7b7be75' catalogId='eTeks#fixedWindow85x123' name='Okno nieuchylne' creator='eTeks' model='5' x='897.5495' y='384.73804' width='150.0' depth='10.0' height='230.0' modelSize='2198' movable='false' cutOutShape='M0,0 v1 h1 v-1 z' wallCutOutOnBothSides='true'>
    <material name='white' color='FF7C7C7A'/>
  </doorOrWindow>
  <doorOrWindow level='level-abfffc00-1aac-4db1-97d5-2880e7b7be75' catalogId='eTeks#fixedWindow85x123' name='Okno nieuchylne' creator='eTeks' model='5' x='1022.5103' y='384.73416' width='100.0' depth='10.0' height='230.0' modelSize='2198' movable='false' cutOutShape='M0,0 v1 h1 v-1 z' wallCutOutOnBothSides='true'>
    <material name='white' color='FF7C7C7A'/>
  </doorOrWindow>
  <doorOrWindow level='level-abfffc00-1aac-4db1-97d5-2880e7b7be75' catalogId='eTeks#fixedWindow85x123' name='Okno nieuchylne' creator='eTeks' model='5' x='1195.0212' y='994.5649' elevation='90.0' angle='3.1415927' width='100.0' depth='10.0' height='140.0' modelSize='2198' movable='false' cutOutShape='M0,0 v1 h1 v-1 z' wallCutOutOnBothSides='true'>
    <material name='white' color='FF7C7C7A'/>
  </doorOrWindow>
  <furnitureGroup level='level-0adc67b6-9a4b-4a28-9596-77874ccca178' name='Okno dwudzielne' x='895.521' y='994.5811' angle='3.1415927' width='100.05737' depth='10.007141' height='205.0' movable='false'>
    <doorOrWindow level='level-0adc67b6-9a4b-4a28-9596-77874ccca178' catalogId='eTeks#fixedWindow85x123' name='Okno nieuchylne' creator='eTeks' model='5' x='895.4923' y='994.58466' angle='3.1415927' width='100.0' depth='10.0' height='85.0' modelSize='2198' movable='false' cutOutShape='M0,0 v1 h1 v-1 z' wallCutOutOnBothSides='true'>
      <material name='white' color='FF7C7C7A'/>
    </doorOrWindow>
    <doorOrWindow level='level-0adc67b6-9a4b-4a28-9596-77874ccca178' catalogId='eTeks#fixedWindow85x123' name='Okno nieuchylne' creator='eTeks' model='5' x='895.5497' y='994.5775' elevation='80.0' angle='3.1415927' width='100.0' depth='10.0' height='125.0' modelSize='2198' movable='false' cutOutShape='M0,0 v1 h1 v-1 z' wallCutOutOnBothSides='true'>
      <material name='white' color='FF7C7C7A'/>
    </doorOrWindow>
  </furnitureGroup>
  <furnitureGroup level='level-0adc67b6-9a4b-4a28-9596-77874ccca178' name='Okno dwudzielne' x='995.4948' y='994.6519' angle='3.1415927' width='100.057434' depth='10.007141' height='205.0' movable='false'>
    <doorOrWindow level='level-0adc67b6-9a4b-4a28-9596-77874ccca178' catalogId='eTeks#fixedWindow85x123' name='Okno nieuchylne' creator='eTeks' model='5' x='995.46606' y='994.65546' angle='3.1415927' width='100.0' depth='10.0' height='85.0' modelSize='2198' movable='false' cutOutShape='M0,0 v1 h1 v-1 z' wallCutOutOnBothSides='true'>
      <material name='white' color='FF7C7C7A'/>
    </doorOrWindow>
    <doorOrWindow level='level-0adc67b6-9a4b-4a28-9596-77874ccca178' catalogId='eTeks#fixedWindow85x123' name='Okno nieuchylne' creator='eTeks' model='5' x='995.52344' y='994.6483' elevation='80.0' angle='3.1415927' width='100.0' depth='10.0' height='125.0' modelSize='2198' movable='false' cutOutShape='M0,0 v1 h1 v-1 z' wallCutOutOnBothSides='true'>
      <material name='white' color='FF7C7C7A'/>
    </doorOrWindow>
  </furnitureGroup>
  <furnitureGroup level='level-0adc67b6-9a4b-4a28-9596-77874ccca178' name='Okno dwudzielne' x='1357.5167' y='994.63446' angle='3.1415927' width='100.05737' depth='10.007202' height='205.0' movable='false'>
    <doorOrWindow level='level-0adc67b6-9a4b-4a28-9596-77874ccca178' catalogId='eTeks#fixedWindow85x123' name='Okno nieuchylne' creator='eTeks' model='5' x='1357.488' y='994.63806' angle='3.1415927' width='100.0' depth='10.0' height='85.0' modelSize='2198' movable='false' cutOutShape='M0,0 v1 h1 v-1 z' wallCutOutOnBothSides='true'>
      <material name='white' color='FF7C7C7A'/>
    </doorOrWindow>
    <doorOrWindow level='level-0adc67b6-9a4b-4a28-9596-77874ccca178' catalogId='eTeks#fixedWindow85x123' name='Okno nieuchylne' creator='eTeks' model='5' x='1357.5454' y='994.63086' elevation='80.0' angle='3.1415927' width='100.0' depth='10.0' height='125.0' modelSize='2198' movable='false' cutOutShape='M0,0 v1 h1 v-1 z' wallCutOutOnBothSides='true'>
      <material name='white' color='FF7C7C7A'/>
    </doorOrWindow>
  </furnitureGroup>
  <furnitureGroup level='level-0adc67b6-9a4b-4a28-9596-77874ccca178' name='Okno dwudzielne' x='724.58215' y='661.545' angle='4.712389' width='100.057495' depth='10.007324' height='205.0' movable='false'>
    <doorOrWindow level='level-0adc67b6-9a4b-4a28-9596-77874ccca178' catalogId='eTeks#fixedWindow85x123' name='Okno nieuchylne' creator='eTeks' model='5' x='724.5785' y='661.51624' angle='4.712389' width='100.0' depth='10.0' height='85.0' modelSize='2198' movable='false' cutOutShape='M0,0 v1 h1 v-1 z' wallCutOutOnBothSides='true'>
      <material name='white' color='FF7C7C7A'/>
    </doorOrWindow>
    <doorOrWindow level='level-0adc67b6-9a4b-4a28-9596-77874ccca178' catalogId='eTeks#fixedWindow85x123' name='Okno nieuchylne' creator='eTeks' model='5' x='724.5858' y='661.5737' elevation='80.0' angle='4.712389' width='100.0' depth='10.0' height='125.0' modelSize='2198' movable='false' cutOutShape='M0,0 v1 h1 v-1 z' wallCutOutOnBothSides='true'>
      <material name='white' color='FF7C7C7A'/>
    </doorOrWindow>
  </furnitureGroup>
  <furnitureGroup level='level-0adc67b6-9a4b-4a28-9596-77874ccca178' name='Okno dwudzielne' x='1022.56604' y='384.7802' width='100.05737' depth='10.007294' height='205.0' movable='false'>
    <doorOrWindow level='level-0adc67b6-9a4b-4a28-9596-77874ccca178' catalogId='eTeks#fixedWindow85x123' name='Okno nieuchylne' creator='eTeks' model='5' x='1022.5947' y='384.77655' width='100.0' depth='10.0' height='85.0' modelSize='2198' movable='false' cutOutShape='M0,0 v1 h1 v-1 z' wallCutOutOnBothSides='true'>
      <material name='white' color='FF7C7C7A'/>
    </doorOrWindow>
    <doorOrWindow level='level-0adc67b6-9a4b-4a28-9596-77874ccca178' catalogId='eTeks#fixedWindow85x123' name='Okno nieuchylne' creator='eTeks' model='5' x='1022.53735' y='384.78384' elevation='80.0' width='100.0' depth='10.0' height='125.0' modelSize='2198' movable='false' cutOutShape='M0,0 v1 h1 v-1 z' wallCutOutOnBothSides='true'>
      <material name='white' color='FF7C7C7A'/>
    </doorOrWindow>
  </furnitureGroup>
  <furnitureGroup level='level-0adc67b6-9a4b-4a28-9596-77874ccca178' name='Okno dwudzielne' x='1411.6312' y='384.75415' width='70.05737' depth='10.007294' height='205.0' movable='false'>
    <doorOrWindow level='level-0adc67b6-9a4b-4a28-9596-77874ccca178' catalogId='eTeks#fixedWindow85x123' name='Okno nieuchylne' creator='eTeks' model='5' x='1411.6599' y='384.7505' width='70.0' depth='10.0' height='85.0' modelSize='2198' movable='false' cutOutShape='M0,0 v1 h1 v-1 z' wallCutOutOnBothSides='true'>
      <material name='white' color='FF7C7C7A'/>
    </doorOrWindow>
    <doorOrWindow level='level-0adc67b6-9a4b-4a28-9596-77874ccca178' catalogId='eTeks#fixedWindow85x123' name='Okno nieuchylne' creator='eTeks' model='5' x='1411.6025' y='384.75778' elevation='80.0' width='70.0' depth='10.0' height='125.0' modelSize='2198' movable='false' cutOutShape='M0,0 v1 h1 v-1 z' wallCutOutOnBothSides='true'>
      <material name='white' color='FF7C7C7A'/>
    </doorOrWindow>
  </furnitureGroup>
  <furnitureGroup level='level-3593ab34-9be4-48af-8ec4-7bf09be86bb8' name='Schody wejściowe' x='1420.172' y='1093.0602' width='311.0' depth='147.0' height='68.000015' movable='false'>
    <pieceOfFurniture level='level-3593ab34-9be4-48af-8ec4-7bf09be86bb8' catalogId='eTeks#texturableBox' name='Pudło' creator='eTeks' model='7/texturableBox.obj' x='1437.672' y='1069.5602' width='276.0' depth='100.0' height='32.0' modelSize='1661'>
      <material name='back' shininess='0.1328125'>
        <texture name='Beton' creator='Scopia' catalogId='eTeksScopia#concrete-wall-1' width='100.0' height='100.0' image='8'/>
      </material>
      <material name='bottom' shininess='0.1328125'>
        <texture name='Beton' creator='Scopia' catalogId='eTeksScopia#concrete-wall-1' width='100.0' height='100.0' image='8'/>
      </material>
      <material name='front' shininess='0.1328125'>
        <texture name='Beton' creator='Scopia' catalogId='eTeksScopia#concrete-wall-1' width='100.0' height='100.0' image='8'/>
      </material>
      <material name='left' shininess='0.1328125'>
        <texture name='Beton' creator='Scopia' catalogId='eTeksScopia#concrete-wall-1' width='100.0' height='100.0' image='8'/>
      </material>
      <material name='right' shininess='0.1328125'>
        <texture name='Beton' creator='Scopia' catalogId='eTeksScopia#concrete-wall-1' width='100.0' height='100.0' image='8'/>
      </material>
      <material name='top' shininess='0.1328125'>
        <texture name='Beton' creator='Scopia' catalogId='eTeksScopia#concrete-wall-1' width='100.0' height='100.0' image='8'/>
      </material>
    </pieceOfFurniture>
    <pieceOfFurniture level='level-3593ab34-9be4-48af-8ec4-7bf09be86bb8' catalogId='eTeks#texturableBox' name='Pudło' creator='eTeks' model='7/texturableBox.obj' x='1420.1249' y='1137.0602' width='241.0' depth='35.0' height='14.5' modelSize='1661'>
      <material name='back' shininess='0.1171875'>
        <texture name='Beton' creator='Scopia' catalogId='eTeksScopia#concrete-wall-1' width='100.0' height='100.0' image='8'/>
      </material>
      <material name='bottom' shininess='0.1171875'>
        <texture name='Beton' creator='Scopia' catalogId='eTeksScopia#concrete-wall-1' width='100.0' height='100.0' image='8'/>
      </material>
      <material name='front' shininess='0.1171875'>
        <texture name='Beton' creator='Scopia' catalogId='eTeksScopia#concrete-wall-1' width='100.0' height='100.0' image='8'/>
      </material>
      <material name='left' shininess='0.1171875'>
        <texture name='Beton' creator='Scopia' catalogId='eTeksScopia#concrete-wall-1' width='100.0' height='100.0' image='8'/>
      </material>
      <material name='right' shininess='0.1171875'>
        <texture name='Beton' creator='Scopia' catalogId='eTeksScopia#concrete-wall-1' width='100.0' height='100.0' image='8'/>
      </material>
      <material name='top' shininess='0.1171875'>
        <texture name='Beton' creator='Scopia' catalogId='eTeksScopia#concrete-wall-1' width='100.0' height='100.0' image='8'/>
      </material>
    </pieceOfFurniture>
    <pieceOfFurniture level='level-3593ab34-9be4-48af-8ec4-7bf09be86bb8' catalogId='eTeks#texturableBox' name='Pudło' creator='eTeks' model='7/texturableBox.obj' x='1282.172' y='1087.0602' width='35.0' depth='135.0' height='32.0' modelSize='1661'>
      <material name='back' shininess='0.1328125'>
        <texture name='Beton' creator='Scopia' catalogId='eTeksScopia#concrete-wall-1' width='100.0' height='100.0' image='8'/>
      </material>
      <material name='bottom' shininess='0.1328125'>
        <texture name='Beton' creator='Scopia' catalogId='eTeksScopia#concrete-wall-1' width='100.0' height='100.0' image='8'/>
      </material>
      <material name='front' shininess='0.1328125'>
        <texture name='Beton' creator='Scopia' catalogId='eTeksScopia#concrete-wall-1' width='100.0' height='100.0' image='8'/>
      </material>
      <material name='left' shininess='0.1328125'>
        <texture name='Beton' creator='Scopia' catalogId='eTeksScopia#concrete-wall-1' width='100.0' height='100.0' image='8'/>
      </material>
      <material name='right' shininess='0.1328125'>
        <texture name='Beton' creator='Scopia' catalogId='eTeksScopia#concrete-wall-1' width='100.0' height='100.0' image='8'/>
      </material>
      <material name='top' shininess='0.0'>
        <texture name='Piaszczysta ziemia' creator='Scopia' catalogId='eTeksScopia#sandy-soil' width='100.0' height='100.0' image='9'/>
      </material>
    </pieceOfFurniture>
    <pieceOfFurniture level='level-3593ab34-9be4-48af-8ec4-7bf09be86bb8' catalogId='eTeks#texturableBox' name='Pudło' creator='eTeks' model='7/texturableBox.obj' x='1558.0647' y='1137.0602' width='35.0' depth='35.0' height='32.0' modelSize='1661'>
      <material name='back' shininess='0.140625'>
        <texture name='Beton' creator='Scopia' catalogId='eTeksScopia#concrete-wall-1' width='100.0' height='100.0' image='8'/>
      </material>
      <material name='bottom' shininess='0.140625'>
        <texture name='Beton' creator='Scopia' catalogId='eTeksScopia#concrete-wall-1' width='100.0' height='100.0' image='8'/>
      </material>
      <material name='front' shininess='0.140625'>
        <texture name='Beton' creator='Scopia' catalogId='eTeksScopia#concrete-wall-1' width='100.0' height='100.0' image='8'/>
      </material>
      <material name='left' shininess='0.140625'>
        <texture name='Beton' creator='Scopia' catalogId='eTeksScopia#concrete-wall-1' width='100.0' height='100.0' image='8'/>
      </material>
      <material name='right' shininess='0.140625'>
        <texture name='Beton' creator='Scopia' catalogId='eTeksScopia#concrete-wall-1' width='100.0' height='100.0' image='8'/>
      </material>
      <material name='top' shininess='0.0'>
        <texture name='Piaszczysta ziemia' creator='Scopia' catalogId='eTeksScopia#sandy-soil' width='100.0' height='100.0' image='9'/>
      </material>
    </pieceOfFurniture>
    <pieceOfFurniture level='level-3593ab34-9be4-48af-8ec4-7bf09be86bb8' catalogId='Scopia#hedge' name='Żywopłot' creator='Scopia' model='11/hedge.obj' x='1282.4177' y='1093.0602' elevation='25.0' angle='1.5707964' width='147.0' depth='30.5' height='43.0' heightInPlan='43.00001' modelSize='1067649' movable='false'/>
    <pieceOfFurniture level='level-3593ab34-9be4-48af-8ec4-7bf09be86bb8' catalogId='Scopia#hedge' name='Żywopłot' creator='Scopia' model='11/hedge.obj' x='1558.2261' y='1137.8102' elevation='25.0' angle='1.5707964' width='36.5' depth='30.5' height='26.5' heightInPlan='26.500013' modelSize='1067649' movable='false'/>
  </furnitureGroup>
  <furnitureGroup level='level-abfffc00-1aac-4db1-97d5-2880e7b7be75' name='Daszek na wejściem' x='1440.2667' y='1067.3768' elevation='230.0' angle='3.1415927' width='270.4027' depth='95.63318' height='66.09979'>
    <pieceOfFurniture level='level-abfffc00-1aac-4db1-97d5-2880e7b7be75' catalogId='eTeks#texturableBox' name='Daszek na wejściem' creator='eTeks' model='7/texturableBox.obj' x='1440.4681' y='1067.0602' elevation='230.0' angle='3.1415927' width='270.0' depth='95.0' height='62.0' modelSize='1661'>
      <material name='back' shininess='0.0'/>
      <material name='bottom' shininess='0.0'/>
      <material name='front' shininess='0.0'/>
      <material name='left' shininess='0.0'/>
      <material name='right' shininess='0.0'/>
      <material name='top' shininess='0.0'/>
    </pieceOfFurniture>
    <pieceOfFurniture level='level-abfffc00-1aac-4db1-97d5-2880e7b7be75' name='Daszek nad wejśceim' model='13/model.obj' x='1440.1685' y='1067.3768' elevation='291.0' angle='1.5729711' width='95.046265' depth='270.0' height='5.0997925' modelRotation='1 0 0 0 0 -1 0 1 0' modelSize='3073'/>
  </furnitureGroup>
  <pieceOfFurniture level='level-abfffc00-1aac-4db1-97d5-2880e7b7be75' catalogId='eTeks#texturableBox' name='Biały pas na elewacji pomiędzy poziomami' creator='eTeks' model='7/texturableBox.obj' x='1137.4847' y='1019.61017' elevation='230.0' width='876.0' depth='0.1' height='66.0' modelSize='1661'>
    <material name='back' shininess='0.0'/>
    <material name='bottom' shininess='0.0'/>
    <material name='front' shininess='0.0'/>
    <material name='left' shininess='0.0'/>
    <material name='right' shininess='0.0'/>
    <material name='top' shininess='0.0'/>
  </pieceOfFurniture>
  <pieceOfFurniture level='level-abfffc00-1aac-4db1-97d5-2880e7b7be75' catalogId='eTeks#texturableBox' name='Biały pas na elewacji pomiędzy poziomami' creator='eTeks' model='7/texturableBox.obj' x='1137.6064' y='359.68228' elevation='230.0' angle='3.1415927' width='876.0' depth='0.1' height='66.0' modelSize='1661'>
    <material name='back' shininess='0.0'/>
    <material name='bottom' shininess='0.0'/>
    <material name='front' shininess='0.0'/>
    <material name='left' shininess='0.0'/>
    <material name='right' shininess='0.0'/>
    <material name='top' shininess='0.0'/>
  </pieceOfFurniture>
  <pieceOfFurniture level='level-abfffc00-1aac-4db1-97d5-2880e7b7be75' catalogId='eTeks#texturableBox' name='Biały pas na elewacji pomiędzy poziomami' creator='eTeks' model='7/texturableBox.obj' x='699.4347' y='690.1279' elevation='230.0' angle='1.5707964' width='660.0' depth='0.1' height='66.0' modelSize='1661'>
    <material name='back' shininess='0.0'/>
    <material name='bottom' shininess='0.0'/>
    <material name='front' shininess='0.0'/>
    <material name='left' shininess='0.0'/>
    <material name='right' shininess='0.0'/>
    <material name='top' shininess='0.0'/>
  </pieceOfFurniture>
  <pieceOfFurniture level='level-abfffc00-1aac-4db1-97d5-2880e7b7be75' catalogId='eTeks#texturableBox' name='Biały pas na elewacji pomiędzy poziomami' creator='eTeks' model='7/texturableBox.obj' x='1575.5348' y='689.8507' elevation='230.0' angle='4.712389' width='660.0' depth='0.1' height='66.0' modelSize='1661'>
    <material name='back' shininess='0.0'/>
    <material name='bottom' shininess='0.0'/>
    <material name='front' shininess='0.0'/>
    <material name='left' shininess='0.0'/>
    <material name='right' shininess='0.0'/>
    <material name='top' shininess='0.0'/>
  </pieceOfFurniture>
  <doorOrWindow level='level-abfffc00-1aac-4db1-97d5-2880e7b7be75' name='Niewidzialne okno' model='15/Niewidzialne%20okno.obj' x='1416.5513' y='544.9332' angle='3.1415927' width='90.0' depth='8.00075' height='200.0' modelSize='1140' movable='false' wallCutOutOnBothSides='true'/>
  <pieceOfFurniture level='level-abfffc00-1aac-4db1-97d5-2880e7b7be75' catalogId='Scopia#electric_water_heater' name='SGW(S)B Tower Biwal 200' creator='Scopia' model='17/electric_water_heater.obj' x='1495.6405' y='440.0732' elevation='2.5' angle='1.5707964' width='67.0' depth='67.0' height='114.0' modelSize='109865' description='Zasobnik biwalentny' movable='false'/>
  <pieceOfFurniture level='level-abfffc00-1aac-4db1-97d5-2880e7b7be75' catalogId='Sheep#tableauElectrique' name='ELEKTRO-PLAST ECONOMIC BOX RN 3x36 IP 40 (PE+N)' creator='Sheep' model='19' x='1501.6195' y='970.3102' elevation='120.0' angle='3.1415927' width='35.4' depth='10.5' height='56.0' modelSize='47395' description='Rozdzielnica elektryczna' movable='false'/>
  <pieceOfFurniture level='level-abfffc00-1aac-4db1-97d5-2880e7b7be75' name='Viessmann VITODENS 100-W' model='21/Gas%20boiler%20Immergas%20N100718.3ds.obj' x='1513.5372' y='438.0779' elevation='150.0' angle='1.5707964' width='40.0' depth='36.0' height='70.0' modelMirrored='true' modelSize='978149'/>
  <pieceOfFurniture level='level-abfffc00-1aac-4db1-97d5-2880e7b7be75' catalogId='eTeks#texturableBox' name='Lanberg Rack 10&quot; 6U 280X310' creator='eTeks' model='7/texturableBox.obj' x='1516.0372' y='721.4176' elevation='120.0' angle='1.5707964' width='28.0' depth='31.0' height='33.6' color='FF393839' modelSize='1661'/>
  <pieceOfFurniture level='level-abfffc00-1aac-4db1-97d5-2880e7b7be75' name='Centrala wentylacyjna CWPP 160/125 GÓRNA ECO jon16 PRZECIWPRĄDOWA możliwość podłączenia klimatyzacji' creator='ECS Piotr Paruszewski' model='23/CWPP.obj' x='1515.7372' y='909.0598' elevation='120.0' angle='1.5707964' width='58.2' depth='31.600002' height='61.1' modelSize='52680'/>
  <pieceOfFurniture level='level-abfffc00-1aac-4db1-97d5-2880e7b7be75' name='Schody' model='25/XXX.obj' x='1238.4856' y='518.22394' width='188.0' depth='229.0' height='277.5' modelSize='29143' movable='false' staircaseCutOutShape='M0,0 v1 h1 v-1 z'/>
  <pieceOfFurniture level='level-abfffc00-1aac-4db1-97d5-2880e7b7be75' catalogId='Scopia#clothes_washing_machine' name='Pralka' creator='Scopia' model='27/clothes_washing_machine.obj' x='1174.215' y='422.33228' width='59.5' depth='37.2' height='84.3' modelSize='94793'/>
  <furnitureGroup level='level-3593ab34-9be4-48af-8ec4-7bf09be86bb8' name='INSTALACJE' x='1142.0913' y='720.5614' width='778.8919' depth='509.99762' height='682.0'>
    <pieceOfFurniture level='level-3593ab34-9be4-48af-8ec4-7bf09be86bb8' catalogId='eTeks#texturableCylinder' name='Pion kanalizacyjny' creator='eTeks' model='29/texturableCylinder.obj' x='1526.0372' y='643.2399' elevation='32.0' width='11.0' depth='11.0' height='650.0' color='FF543D03' modelSize='6600'/>
    <furnitureGroup level='level-3593ab34-9be4-48af-8ec4-7bf09be86bb8' name='Elektryka' x='1511.5917' y='824.2191' angle='3.1415927' width='36.848022' depth='302.6822' height='650.0'>
      <pieceOfFurniture level='level-3593ab34-9be4-48af-8ec4-7bf09be86bb8' catalogId='eTeks#texturableCylinder' name='Peszel' creator='eTeks' model='29/texturableCylinder.obj' x='1526.2657' y='776.97174' elevation='240.0' angle='3.1415927' pitch='1.5707964' width='7.5' depth='7.5' depthInPlan='200.0' height='200.0' heightInPlan='7.5000086' color='FFD13814' modelSize='6600'/>
      <pieceOfFurniture level='level-3593ab34-9be4-48af-8ec4-7bf09be86bb8' catalogId='eTeks#texturableCylinder' name='Peszel' creator='eTeks' model='29/texturableCylinder.obj' x='1526.2314' y='676.628' elevation='240.0' angle='3.1415927' width='7.5' depth='7.5' height='410.0' color='FFD13814' modelSize='6600'/>
      <pieceOfFurniture level='level-3593ab34-9be4-48af-8ec4-7bf09be86bb8' catalogId='eTeks#texturableCylinder' name='AROT 110mm' creator='eTeks' model='29/texturableCylinder.obj' x='1498.6677' y='970.0602' angle='3.1415927' width='11.0' depth='11.0' height='120.0' color='FFD13814' modelSize='6600'/>
      <pieceOfFurniture level='level-3593ab34-9be4-48af-8ec4-7bf09be86bb8' catalogId='eTeks#texturableCylinder' name='AROT 110mm' creator='eTeks' model='29/texturableCylinder.obj' x='1522.9402' y='970.0602' angle='3.1415927' width='11.0' depth='11.0' height='120.0' color='FFD13814' modelSize='6600'/>
      <pieceOfFurniture level='level-3593ab34-9be4-48af-8ec4-7bf09be86bb8' catalogId='eTeks#texturableCylinder' name='AROT 110mm' creator='eTeks' model='29/texturableCylinder.obj' x='1510.9252' y='970.0602' angle='3.1415927' width='11.0' depth='11.0' height='120.0' color='FFD13814' modelSize='6600'/>
    </furnitureGroup>
    <furnitureGroup level='level-3593ab34-9be4-48af-8ec4-7bf09be86bb8' name='Kanał rekuperacji' x='1132.0895' y='856.4165' elevation='285.0' width='758.88837' depth='237.2873' height='333.0'>
      <pieceOfFurniture level='level-3593ab34-9be4-48af-8ec4-7bf09be86bb8' catalogId='eTeks#texturableCylinder' name='Kanał powietrzny' creator='eTeks' model='29/texturableCylinder.obj' x='1436.5337' y='966.86035' elevation='285.0' roll='1.5707964' width='16.0' widthInPlan='150.0' depth='16.0' height='150.0' heightInPlan='16.000006' modelSize='6600'>
        <texture name='Szary metal' creator='Scopia' catalogId='eTeksScopia#gray-metal-floor' width='100.0' height='100.0' image='30'/>
      </pieceOfFurniture>
      <pieceOfFurniture level='level-3593ab34-9be4-48af-8ec4-7bf09be86bb8' catalogId='eTeks#texturableCylinder' name='Kanał powietrzny' creator='eTeks' model='29/texturableCylinder.obj' x='1287.513' y='966.92554' elevation='285.0' roll='1.5707964' width='16.0' widthInPlan='148.0' depth='16.0' height='148.0' heightInPlan='16.000006' modelSize='6600'>
        <texture name='Szary metal' creator='Scopia' catalogId='eTeksScopia#gray-metal-floor' width='100.0' height='100.0' image='30'/>
      </pieceOfFurniture>
      <pieceOfFurniture level='level-3593ab34-9be4-48af-8ec4-7bf09be86bb8' catalogId='eTeks#texturableCylinder' name='Kanał powietrzny' creator='eTeks' model='29/texturableCylinder.obj' x='1213.512' y='967.0602' elevation='285.0' width='16.0' depth='16.0' height='290.0' modelSize='6600'>
        <texture name='Szary metal' creator='Scopia' catalogId='eTeksScopia#gray-metal-floor' width='100.0' height='100.0' image='30'/>
      </pieceOfFurniture>
      <pieceOfFurniture level='level-3593ab34-9be4-48af-8ec4-7bf09be86bb8' catalogId='eTeks#texturableCylinder' name='Kanał powietrzny' creator='eTeks' model='29/texturableCylinder.obj' x='758.8953' y='744.0229' elevation='328.0' width='12.5' depth='12.5' height='290.0' modelSize='6600'>
        <texture name='Szary metal' creator='Scopia' catalogId='eTeksScopia#gray-metal-floor' width='100.0' height='100.0' image='30'/>
      </pieceOfFurniture>
      <pieceOfFurniture level='level-3593ab34-9be4-48af-8ec4-7bf09be86bb8' catalogId='eTeks#texturableCylinder' name='Kanał powietrzny' creator='eTeks' model='29/texturableCylinder.obj' x='1461.4108' y='920.8538' elevation='285.0' roll='1.5707964' width='16.0' widthInPlan='100.0' depth='16.0' height='100.0' heightInPlan='16.000004' modelSize='6600'>
        <texture name='Szary metal' creator='Scopia' catalogId='eTeksScopia#gray-metal-floor' width='100.0' height='100.0' image='30'/>
      </pieceOfFurniture>
      <pieceOfFurniture level='level-3593ab34-9be4-48af-8ec4-7bf09be86bb8' catalogId='eTeks#texturableCylinder' name='Kanał powietrzny' creator='eTeks' model='29/texturableCylinder.obj' x='1383.9108' y='921.00916' elevation='285.0' roll='1.5707964' width='12.5' widthInPlan='55.0' depth='12.5' height='55.0' heightInPlan='12.500003' modelSize='6600'>
        <texture name='Szary metal' creator='Scopia' catalogId='eTeksScopia#gray-metal-floor' width='100.0' height='100.0' image='30'/>
      </pieceOfFurniture>
      <pieceOfFurniture level='level-3593ab34-9be4-48af-8ec4-7bf09be86bb8' catalogId='eTeks#texturableCylinder' name='Kanał powietrzny' creator='eTeks' model='29/texturableCylinder.obj' x='1198.356' y='967.0416' elevation='285.0' width='10.0' depth='10.0' height='290.0' modelSize='6600'>
        <texture name='Szary metal' creator='Scopia' catalogId='eTeksScopia#gray-metal-floor' width='100.0' height='100.0' image='30'/>
      </pieceOfFurniture>
      <pieceOfFurniture level='level-3593ab34-9be4-48af-8ec4-7bf09be86bb8' catalogId='eTeks#texturableCylinder' name='Kanał powietrzny' creator='eTeks' model='29/texturableCylinder.obj' x='1406.4108' y='935.64703' elevation='285.0' angle='1.5707964' roll='1.5707964' width='10.0' widthInPlan='30.0' depth='10.0' height='30.0' heightInPlan='10.000001' modelSize='6600'>
        <texture name='Szary metal' creator='Scopia' catalogId='eTeksScopia#gray-metal-floor' width='100.0' height='100.0' image='30'/>
      </pieceOfFurniture>
      <pieceOfFurniture level='level-3593ab34-9be4-48af-8ec4-7bf09be86bb8' catalogId='eTeks#texturableCylinder' name='Kanał powietrzny' creator='eTeks' model='29/texturableCylinder.obj' x='1302.7651' y='945.6771' elevation='285.0' angle='3.1415927' roll='1.5707964' width='10.0' widthInPlan='207.8' depth='10.0' height='207.8' heightInPlan='10.00001' modelSize='6600'>
        <texture name='Szary metal' creator='Scopia' catalogId='eTeksScopia#gray-metal-floor' width='100.0' height='100.0' image='30'/>
      </pieceOfFurniture>
      <pieceOfFurniture level='level-3593ab34-9be4-48af-8ec4-7bf09be86bb8' catalogId='eTeks#texturableCylinder' name='Kanał powietrzny' creator='eTeks' model='29/texturableCylinder.obj' x='1198.4432' y='954.1596' elevation='285.0' angle='1.5707964' roll='1.5707964' width='10.0' widthInPlan='27.0' depth='10.0' height='27.0' heightInPlan='10.000001' modelSize='6600'>
        <texture name='Szary metal' creator='Scopia' catalogId='eTeksScopia#gray-metal-floor' width='100.0' height='100.0' image='30'/>
      </pieceOfFurniture>
    </furnitureGroup>
    <furnitureGroup level='level-3593ab34-9be4-48af-8ec4-7bf09be86bb8' name='C.O.' x='1507.3079' y='673.2709' elevation='32.0' angle='3.1415927' width='1.5999756' depth='4.8772583' height='300.0'>
      <pieceOfFurniture level='level-3593ab34-9be4-48af-8ec4-7bf09be86bb8' catalogId='eTeks#texturableCylinder' name='Rura C.O.' creator='eTeks' model='29/texturableCylinder.obj' x='1507.3079' y='671.63226' elevation='32.0' angle='3.1415927' width='1.6' depth='1.6' height='300.0' color='FFEF9421' modelSize='6600'/>
      <pieceOfFurniture level='level-3593ab34-9be4-48af-8ec4-7bf09be86bb8' catalogId='eTeks#texturableCylinder' name='Rura C.O.' creator='eTeks' model='29/texturableCylinder.obj' x='1507.3079' y='674.90955' elevation='32.0' angle='3.1415927' width='1.6' depth='1.6' height='300.0' color='FFEF9421' modelSize='6600'/>
    </furnitureGroup>
    <furnitureGroup level='level-3593ab34-9be4-48af-8ec4-7bf09be86bb8' name='Instalacja gazowa' x='1515.2493' y='720.5614' elevation='282.0' angle='3.1415927' width='30.996094' depth='509.99762' height='19.0'>
      <pieceOfFurniture level='level-3593ab34-9be4-48af-8ec4-7bf09be86bb8' catalogId='eTeks#texturableCylinder' name='Rura gazowa' creator='eTeks' model='29/texturableCylinder.obj' x='1529.7205' y='868.3102' elevation='299.0' angle='3.1415927' pitch='1.5707964' width='2.0' depth='2.0' depthInPlan='214.5' height='214.5' heightInPlan='2.0000093' color='FFEDD812' modelSize='6600'/>
      <pieceOfFurniture level='level-3593ab34-9be4-48af-8ec4-7bf09be86bb8' catalogId='eTeks#texturableCylinder' name='Rura gazowa' creator='eTeks' model='29/texturableCylinder.obj' x='1529.7473' y='725.2394' elevation='282.0' angle='3.1415927' pitch='1.5707964' width='2.0' depth='2.0' depthInPlan='71.5' height='71.5' heightInPlan='2.000003' color='FFEDD812' modelSize='6600'/>
      <pieceOfFurniture level='level-3593ab34-9be4-48af-8ec4-7bf09be86bb8' catalogId='eTeks#texturableCylinder' name='Rura gazowa' creator='eTeks' model='29/texturableCylinder.obj' x='1515.3513' y='690.5265' elevation='282.0' angle='4.712389' pitch='1.5707964' width='2.0' depth='2.0' depthInPlan='29.0' height='29.0' heightInPlan='2.0000012' color='FFEDD812' modelSize='6600'/>
      <pieceOfFurniture level='level-3593ab34-9be4-48af-8ec4-7bf09be86bb8' catalogId='eTeks#texturableCylinder' name='Rura gazowa' creator='eTeks' model='29/texturableCylinder.obj' x='1500.7513' y='662.79675' elevation='282.0' pitch='1.5707964' width='2.0' depth='2.0' depthInPlan='57.4' height='57.4' heightInPlan='2.0000026' color='FFEDD812' modelSize='6600'/>
      <pieceOfFurniture level='level-3593ab34-9be4-48af-8ec4-7bf09be86bb8' catalogId='eTeks#texturableCylinder' name='Rura gazowa' creator='eTeks' model='29/texturableCylinder.obj' x='1515.4697' y='635.0888' elevation='282.0' angle='1.5707964' pitch='1.5707964' width='2.0' depth='2.0' depthInPlan='30.0' height='30.0' heightInPlan='2.0000014' color='FFEDD812' modelSize='6600'/>
      <pieceOfFurniture level='level-3593ab34-9be4-48af-8ec4-7bf09be86bb8' catalogId='eTeks#texturableCylinder' name='Rura gazowa' creator='eTeks' model='29/texturableCylinder.obj' x='1529.423' y='550.56256' elevation='282.0' angle='3.1415927' pitch='1.5707964' width='2.0' depth='2.0' depthInPlan='170.0' height='170.0' heightInPlan='2.0000074' color='FFEDD812' modelSize='6600'/>
    </furnitureGroup>
  </furnitureGroup>
  <pieceOfFurniture level='level-0adc67b6-9a4b-4a28-9596-77874ccca178' catalogId='Reallusion#male03' name='Mężczyzna' creator='Reallusion' model='32/male03.obj' x='831.93726' y='858.6497' angle='1.5707964' width='55.7' depth='39.100002' height='184.0' modelSize='1089484'/>
  <pieceOfFurniture level='level-abfffc00-1aac-4db1-97d5-2880e7b7be75' catalogId='Reallusion#male03' name='Mężczyzna' creator='Reallusion' model='32/male03.obj' x='1406.3986' y='606.4514' angle='1.5707964' width='55.7' depth='39.100002' height='184.0' modelSize='1089484'/>
  <doorOrWindow level='level-abfffc00-1aac-4db1-97d5-2880e7b7be75' name='Niewidzialne okno' model='15/Niewidzialne%20okno.obj' x='1416.5986' y='760.89087' width='90.0' depth='12.00075' height='200.0' modelSize='1140' movable='false' wallCutOutOnBothSides='true'/>
  <doorOrWindow level='level-abfffc00-1aac-4db1-97d5-2880e7b7be75' name='Niewidzialne okno' model='15/Niewidzialne%20okno.obj' x='1416.4532' y='654.8902' angle='3.1415927' width='90.0' depth='12.00075' height='200.0' modelSize='1140' movable='false' wallCutOutOnBothSides='true'/>
  <doorOrWindow level='level-abfffc00-1aac-4db1-97d5-2880e7b7be75' catalogId='eTeks#fixedWindow85x123' name='Okno nieuchylne' creator='eTeks' model='5' x='1409.4492' y='384.7225' elevation='180.0' width='70.0' depth='10.0' height='50.0' modelSize='2198' movable='false' cutOutShape='M0,0 v1 h1 v-1 z' wallCutOutOnBothSides='true'>
    <material name='white' color='FF7C7C7A'/>
  </doorOrWindow>
  <doorOrWindow level='level-0adc67b6-9a4b-4a28-9596-77874ccca178' name='Niewidzialne okno' model='15/Niewidzialne%20okno.obj' x='1232.5466' y='722.7343' width='90.0' depth='12.00075' height='200.0' modelSize='1140' movable='false' wallCutOutOnBothSides='true'/>
  <doorOrWindow level='level-0adc67b6-9a4b-4a28-9596-77874ccca178' name='Niewidzialne okno' model='15/Niewidzialne%20okno.obj' x='1338.4635' y='651.7159' angle='4.712389' width='90.0' depth='12.00075' height='200.0' modelSize='1140' movable='false' wallCutOutOnBothSides='true'/>
  <doorOrWindow level='level-0adc67b6-9a4b-4a28-9596-77874ccca178' name='Niewidzialne okno' model='15/Niewidzialne%20okno.obj' x='1062.4929' y='666.70087' angle='1.5707964' width='90.0' depth='12.00075' height='200.0' modelSize='1140' movable='false' wallCutOutOnBothSides='true'/>
  <doorOrWindow level='level-0adc67b6-9a4b-4a28-9596-77874ccca178' name='Niewidzialne okno' model='15/Niewidzialne%20okno.obj' x='1120.4752' y='722.7343' width='90.0' depth='12.00075' height='200.0' modelSize='1140' movable='false' wallCutOutOnBothSides='true'/>
  <pieceOfFurniture level='level-abfffc00-1aac-4db1-97d5-2880e7b7be75' name='GRANSTORP' model='34/GRANSTORP.obj' x='900.29626' y='781.1473' width='90.0' depth='90.0' height='86.48654' modelRotation='0 0 -1 0 -1 0 -1 0 0' modelSize='311878'/>
  <pieceOfFurniture level='level-abfffc00-1aac-4db1-97d5-2880e7b7be75' name='Krzesło skandynawskie szare' model='36/Krzeslo%20skandynawskie%20szare.obj' x='851.297' y='780.5265' angle='4.7123895' width='46.2' depth='53.4' height='83.0' modelSize='686949'/>
  <pieceOfFurniture level='level-abfffc00-1aac-4db1-97d5-2880e7b7be75' name='Krzesło skandynawskie szare' model='36/Krzeslo%20skandynawskie%20szare.obj' x='954.27905' y='782.0994' angle='1.5707964' width='46.2' depth='53.4' height='83.0' modelSize='686949'/>
  <pieceOfFurniture level='level-abfffc00-1aac-4db1-97d5-2880e7b7be75' catalogId='eTeks#sofa2' name='Kanapa' creator='eTeks' model='49' x='794.5978' y='510.53522' angle='4.712389' width='182.0' depth='86.5' height='88.0' modelSize='55383'/>
  <pieceOfFurniture level='level-abfffc00-1aac-4db1-97d5-2880e7b7be75' name='Minimalistyczna szafa na zbudowaną lodówkę z szafką' model='38/Minimalistyczna%20szafa%20na%20zbudowana%20lodowke%20z%20szafka.obj' x='1308.4038' y='796.94244' angle='1.5707964' width='60.0' depth='62.3' height='228.0' shininess='0.0' modelRotation='0 0 -1 0 1 0 1 0 0' modelSize='79946'/>
  <pieceOfFurniture level='level-abfffc00-1aac-4db1-97d5-2880e7b7be75' name='Minimalistyczna szafka dolna na zlewozmywak z dwiema szufladami' model='40/Minimalistyczna%20szafka%20dolna%20na%20zlewozmywak%20z%20dwiema%20szufladami.obj' x='773.59326' y='944.41016' angle='3.1415927' width='60.0' depth='62.3' height='88.0' shininess='0.0' modelRotation='0 0 -1 0 1 0 1 0 0' modelSize='14836'/>
  <pieceOfFurniture level='level-abfffc00-1aac-4db1-97d5-2880e7b7be75' name='Minimalistyczna szafka dolna na zlewozmywak z dwiema szufladami' model='40/Minimalistyczna%20szafka%20dolna%20na%20zlewozmywak%20z%20dwiema%20szufladami.obj' x='833.59326' y='944.41016' angle='3.1415927' width='60.0' depth='62.3' height='88.0' shininess='0.0' modelRotation='0 0 -1 0 1 0 1 0 0' modelSize='14836'/>
  <pieceOfFurniture level='level-abfffc00-1aac-4db1-97d5-2880e7b7be75' name='Minimalistyczna szafka dolna na zlewozmywak z dwiema szufladami' model='40/Minimalistyczna%20szafka%20dolna%20na%20zlewozmywak%20z%20dwiema%20szufladami.obj' x='893.59326' y='944.41016' angle='3.1415927' width='60.0' depth='62.3' height='88.0' shininess='0.0' modelRotation='0 0 -1 0 1 0 1 0 0' modelSize='14836'/>
  <pieceOfFurniture level='level-abfffc00-1aac-4db1-97d5-2880e7b7be75' name='Minimalistyczna szafka dolna na zlewozmywak z dwiema szufladami' model='40/Minimalistyczna%20szafka%20dolna%20na%20zlewozmywak%20z%20dwiema%20szufladami.obj' x='953.59326' y='944.41016' angle='3.1415927' width='60.0' depth='62.3' height='88.0' shininess='0.0' modelRotation='0 0 -1 0 1 0 1 0 0' modelSize='14836'/>
  <pieceOfFurniture level='level-abfffc00-1aac-4db1-97d5-2880e7b7be75' name='Minimalistyczna szafka dolna na zlewozmywak z dwiema szufladami' model='40/Minimalistyczna%20szafka%20dolna%20na%20zlewozmywak%20z%20dwiema%20szufladami.obj' x='1013.59326' y='944.41016' angle='3.1415927' width='60.0' depth='62.3' height='88.0' shininess='0.0' modelRotation='0 0 -1 0 1 0 1 0 0' modelSize='14836'/>
  <pieceOfFurniture level='level-abfffc00-1aac-4db1-97d5-2880e7b7be75' name='Minimalistyczna szafka dolna na zlewozmywak z dwiema szufladami' model='40/Minimalistyczna%20szafka%20dolna%20na%20zlewozmywak%20z%20dwiema%20szufladami.obj' x='1073.5933' y='944.41016' angle='3.1415927' width='60.0' depth='62.3' height='88.0' shininess='0.0' modelRotation='0 0 -1 0 1 0 1 0 0' modelSize='14836'/>
  <pieceOfFurniture level='level-abfffc00-1aac-4db1-97d5-2880e7b7be75' name='Minimalistyczna szafka dolna na zlewozmywak z dwiema szufladami' model='40/Minimalistyczna%20szafka%20dolna%20na%20zlewozmywak%20z%20dwiema%20szufladami.obj' x='1133.5933' y='944.41016' angle='3.1415927' width='60.0' depth='62.3' height='88.0' shininess='0.0' modelRotation='0 0 -1 0 1 0 1 0 0' modelSize='14836'/>
  <pieceOfFurniture level='level-abfffc00-1aac-4db1-97d5-2880e7b7be75' name='Minimalistyczna szafka dolna na zlewozmywak z dwiema szufladami' model='40/Minimalistyczna%20szafka%20dolna%20na%20zlewozmywak%20z%20dwiema%20szufladami.obj' x='1193.5933' y='944.41016' angle='3.1415927' width='60.0' depth='62.3' height='88.0' shininess='0.0' modelRotation='0 0 -1 0 1 0 1 0 0' modelSize='14836'/>
  <pieceOfFurniture level='level-abfffc00-1aac-4db1-97d5-2880e7b7be75' name='Minimalistyczna szafa na zbudowaną lodówkę z szafką' model='38/Minimalistyczna%20szafa%20na%20zbudowana%20lodowke%20z%20szafka.obj' x='1308.4038' y='856.94244' angle='1.5707964' width='60.0' depth='62.3' height='228.0' shininess='0.0' modelRotation='0 0 -1 0 1 0 1 0 0' modelSize='79946'/>
  <pieceOfFurniture level='level-abfffc00-1aac-4db1-97d5-2880e7b7be75' name='Minimalistyczna szafa na zbudowaną lodówkę z szafką' model='38/Minimalistyczna%20szafa%20na%20zbudowana%20lodowke%20z%20szafka.obj' x='1308.5538' y='931.44244' angle='1.5707964' width='89.0' depth='62.0' height='228.0' shininess='0.0' modelRotation='0 0 -1 0 1 0 1 0 0' modelSize='79946'/>
  <pieceOfFurniture level='level-abfffc00-1aac-4db1-97d5-2880e7b7be75' name='Minimalistyczna szafka dolna na zlewozmywak z dwiema szufladami' model='40/Minimalistyczna%20szafka%20dolna%20na%20zlewozmywak%20z%20dwiema%20szufladami.obj' x='1251.356' y='944.41016' angle='3.1415927' width='55.7' depth='62.3' height='88.0' shininess='0.0' modelRotation='0 0 -1 0 1 0 1 0 0' modelSize='14836'/>
  <pieceOfFurniture level='level-abfffc00-1aac-4db1-97d5-2880e7b7be75' catalogId='eTeks#texturableBox' name='Blat kuchenny' creator='eTeks' model='7/texturableBox.obj' x='1010.59326' y='944.0602' elevation='87.0' angle='4.712389' width='63.0' depth='534.0' height='2.8' shininess='0.0' modelSize='1661'>
    <texture name='Topola' creator='Emmanuel Puybaret' catalogId='Puybaret#poplar' width='40.0' height='80.0' image='41'/>
  </pieceOfFurniture>
  <pieceOfFurniture level='level-abfffc00-1aac-4db1-97d5-2880e7b7be75' catalogId='eTeks#texturableBox' name='Sufit podwieszany nad blatem kuchennym' creator='eTeks' model='7/texturableBox.obj' x='1041.5538' y='955.5602' elevation='228.0' angle='3.1415927' width='596.0' depth='40.0' height='41.0' shininess='0.0' modelSize='1661'/>
  <pieceOfFurniture level='level-abfffc00-1aac-4db1-97d5-2880e7b7be75' catalogId='eTeks#texturableBox' name='Sufit podwieszany nad szafą kuchenną' creator='eTeks' model='7/texturableBox.obj' x='1309.5538' y='851.0602' elevation='228.0' angle='1.5707964' width='169.0' depth='60.0' height='41.0' shininess='0.0' modelSize='1661'/>
  <pieceOfFurniture level='level-abfffc00-1aac-4db1-97d5-2880e7b7be75' name='CARRIZO GREY ELEWACJA STRUKTURA STRIPES MIX MAT' model='55/CARRIZO%20GREY%20ELEWACJA%20STRUKTURA%20STRIPES%20MIX%20MAT.obj' x='1015.09326' y='975.05975' elevation='90.8' angle='3.1415927' width='543.0' depth='1.0007629' height='140.0' shininess='0.0' modelSize='59172'/>
  <wall id='wall-f3226765-86ed-4a8a-8e7e-739440e90aaf' level='level-3593ab34-9be4-48af-8ec4-7bf09be86bb8' wallAtStart='wall-caac4401-e1bf-4f1d-993f-0a74cd2f3351' wallAtEnd='wall-61d16f71-55db-45c1-b003-77064cd949bb' xStart='721.59326' yStart='997.5602' xEnd='1553.5372' yEnd='997.5602' height='30.0' thickness='44.0' pattern='hatchUp'>
    <texture attribute='rightSideTexture' name='Szary tynk (Dom w everniach)' width='70.0' height='156.15385' image='57'/>
  </wall>
  <wall id='wall-caac4401-e1bf-4f1d-993f-0a74cd2f3351' level='level-3593ab34-9be4-48af-8ec4-7bf09be86bb8' wallAtStart='wall-2e331b1e-91b1-41d0-8ca0-4d8236a01374' wallAtEnd='wall-f3226765-86ed-4a8a-8e7e-739440e90aaf' xStart='721.59326' yStart='381.73227' xEnd='721.59326' yEnd='997.5602' height='30.0' thickness='44.0' pattern='hatchUp'>
    <texture attribute='rightSideTexture' name='Szary tynk (Dom w everniach)' width='70.0' height='156.15385' image='57'/>
  </wall>
  <wall id='wall-2e331b1e-91b1-41d0-8ca0-4d8236a01374' level='level-3593ab34-9be4-48af-8ec4-7bf09be86bb8' wallAtStart='wall-caac4401-e1bf-4f1d-993f-0a74cd2f3351' wallAtEnd='wall-61d16f71-55db-45c1-b003-77064cd949bb' xStart='721.59326' yStart='381.73227' xEnd='1553.5372' yEnd='381.73227' height='30.0' thickness='44.0' pattern='hatchUp'>
    <texture attribute='leftSideTexture' name='Szary tynk (Dom w everniach)' width='70.0' height='156.15385' image='57'/>
  </wall>
  <wall id='wall-61d16f71-55db-45c1-b003-77064cd949bb' level='level-3593ab34-9be4-48af-8ec4-7bf09be86bb8' wallAtStart='wall-2e331b1e-91b1-41d0-8ca0-4d8236a01374' wallAtEnd='wall-f3226765-86ed-4a8a-8e7e-739440e90aaf' xStart='1553.5372' yStart='381.73227' xEnd='1553.5372' yEnd='997.5602' height='30.0' thickness='44.0' pattern='hatchUp'>
    <texture attribute='leftSideTexture' name='Szary tynk (Dom w everniach)' width='70.0' height='156.15385' image='57'/>
  </wall>
  <wall id='wall-945b3ee5-b746-4b39-b25d-5f161946a763' level='level-abfffc00-1aac-4db1-97d5-2880e7b7be75' wallAtStart='wall-b62bc3f7-079d-4607-b4dc-a2d5ec1163c6' wallAtEnd='wall-7e3abee2-a9fa-4da4-a5a1-f1bf5fc7d8d5' xStart='1553.5372' yStart='381.73227' xEnd='1553.5372' yEnd='997.5602' height='269.0' thickness='44.0' pattern='hatchUp'/>
  <wall id='wall-95c3dab8-29c7-4bb5-9f0e-454c3d134628' level='level-0adc67b6-9a4b-4a28-9596-77874ccca178' wallAtStart='wall-2ba96245-6a60-4757-9952-7a01b123914b' wallAtEnd='wall-e3228b7a-fe9c-4d4d-b0a8-235133294726' xStart='721.59326' yStart='381.73227' xEnd='721.59326' yEnd='997.5602' height='234.0' thickness='44.0' pattern='hatchUp'>
    <texture attribute='rightSideTexture' name='Szary tynk (Dom w everniach)' width='70.0' height='156.15385' image='57'/>
  </wall>
  <wall id='wall-2ba96245-6a60-4757-9952-7a01b123914b' level='level-0adc67b6-9a4b-4a28-9596-77874ccca178' wallAtStart='wall-95c3dab8-29c7-4bb5-9f0e-454c3d134628' wallAtEnd='wall-a721b449-fe43-4776-939d-7a79657f5eb6' xStart='721.59326' yStart='381.73227' xEnd='1553.5372' yEnd='381.73227' height='234.0' thickness='44.0' pattern='hatchUp'>
    <texture attribute='leftSideTexture' name='Szary tynk (Dom w everniach)' width='70.0' height='156.15385' image='57'/>
  </wall>
  <wall id='wall-a721b449-fe43-4776-939d-7a79657f5eb6' level='level-0adc67b6-9a4b-4a28-9596-77874ccca178' wallAtStart='wall-2ba96245-6a60-4757-9952-7a01b123914b' wallAtEnd='wall-e3228b7a-fe9c-4d4d-b0a8-235133294726' xStart='1553.5372' yStart='381.73227' xEnd='1553.5372' yEnd='997.5602' height='234.0' thickness='44.0' pattern='hatchUp'>
    <texture attribute='leftSideTexture' name='Szary tynk (Dom w everniach)' width='70.0' height='156.15385' image='57'/>
  </wall>
  <wall id='wall-e3228b7a-fe9c-4d4d-b0a8-235133294726' level='level-0adc67b6-9a4b-4a28-9596-77874ccca178' wallAtStart='wall-95c3dab8-29c7-4bb5-9f0e-454c3d134628' wallAtEnd='wall-a721b449-fe43-4776-939d-7a79657f5eb6' xStart='721.59326' yStart='997.5602' xEnd='1553.5372' yEnd='997.5602' height='234.0' thickness='44.0' pattern='hatchUp'>
    <texture attribute='rightSideTexture' name='Szary tynk (Dom w everniach)' width='70.0' height='156.15385' image='57'/>
  </wall>
  <wall id='wall-6598ccde-9c46-4ec7-9fca-6a45cd6a6129' level='level-abfffc00-1aac-4db1-97d5-2880e7b7be75' wallAtEnd='wall-49de127e-eb6a-4876-ac15-6365d58aa809' xStart='1338.4635' yStart='401.3901' xEnd='1338.4635' yEnd='654.8902' height='269.0' thickness='12.0' pattern='hatchUp'/>
  <wall id='wall-49de127e-eb6a-4876-ac15-6365d58aa809' level='level-abfffc00-1aac-4db1-97d5-2880e7b7be75' wallAtStart='wall-6598ccde-9c46-4ec7-9fca-6a45cd6a6129' xStart='1338.4635' yStart='654.8902' xEnd='1532.2635' yEnd='654.8902' height='269.0' thickness='12.0' pattern='hatchUp'/>
  <wall id='wall-0eac90be-9fc1-4b00-9984-2f26da25c221' level='level-abfffc00-1aac-4db1-97d5-2880e7b7be75' wallAtEnd='wall-4f0a6af8-495b-4885-812f-74f8c518865c' xStart='1345.5538' yStart='976.132' xEnd='1345.5538' yEnd='760.89087' height='269.0' thickness='12.0' pattern='hatchUp'/>
  <wall id='wall-4f0a6af8-495b-4885-812f-74f8c518865c' level='level-abfffc00-1aac-4db1-97d5-2880e7b7be75' wallAtStart='wall-0eac90be-9fc1-4b00-9984-2f26da25c221' xStart='1345.5538' yStart='760.89087' xEnd='1532.2635' yEnd='760.89087' height='269.0' thickness='12.0' pattern='hatchUp'/>
  <wall id='wall-5a52829e-dd5b-4f5a-b916-261691119ffd' level='level-abfffc00-1aac-4db1-97d5-2880e7b7be75' xStart='1339.9269' yStart='760.94244' xEnd='1279.5269' yEnd='760.94244' height='269.0' thickness='12.0' pattern='hatchUp'/>
  <wall id='wall-754ddf60-ae08-4979-bce1-106c4149e1b8' level='level-abfffc00-1aac-4db1-97d5-2880e7b7be75' xStart='1138.465' yStart='398.0533' xEnd='1138.465' yEnd='603.9533' height='269.0' thickness='12.0' pattern='hatchUp'/>
  <wall id='wall-73a1dac5-128b-4a05-8f72-1fef39da7f24' level='level-abfffc00-1aac-4db1-97d5-2880e7b7be75' xStart='1131.4667' yStart='603.9533' xEnd='1131.4667' yEnd='660.9533' height='269.0' thickness='26.0' pattern='hatchUp'/>
  <wall id='wall-28cfe637-0ff6-468f-89da-30dd1660c4ea' level='level-abfffc00-1aac-4db1-97d5-2880e7b7be75' xStart='1067.4' yStart='585.96014' xEnd='1132.5' yEnd='585.96014' height='269.0' thickness='36.0' pattern='hatchUp'/>
  <wall id='wall-3bf43fc6-f281-41ac-b21f-9ea807b6b7a7' level='level-0adc67b6-9a4b-4a28-9596-77874ccca178' xStart='1338.4635' yStart='402.4901' xEnd='1338.4635' yEnd='716.6901' height='260.0' heightAtEnd='273.0' thickness='12.0' pattern='hatchUp'/>
  <wall id='wall-de904ebe-92ab-4d83-851d-70cab86fc2c9' level='level-0adc67b6-9a4b-4a28-9596-77874ccca178' xStart='741.76355' yStart='722.7343' xEnd='1532.2635' yEnd='722.7343' height='273.0' thickness='12.0' pattern='hatchUp'/>
  <wall id='wall-e0e590b8-37ac-4051-886d-08e4ceed1048' level='level-0adc67b6-9a4b-4a28-9596-77874ccca178' wallAtEnd='wall-b858477e-9636-431a-824e-8483f100c0d9' xStart='1138.465' yStart='402.68585' xEnd='1138.465' yEnd='609.88586' height='260.0' heightAtEnd='273.0' thickness='12.0' pattern='hatchUp'/>
  <wall id='wall-87389f17-4c99-41bc-92c9-54f391c122c9' level='level-0adc67b6-9a4b-4a28-9596-77874ccca178' xStart='1067.4' yStart='585.96014' xEnd='1132.5' yEnd='585.96014' height='273.0' thickness='36.0' pattern='hatchUp'/>
  <wall id='wall-b858477e-9636-431a-824e-8483f100c0d9' level='level-0adc67b6-9a4b-4a28-9596-77874ccca178' wallAtStart='wall-e0e590b8-37ac-4051-886d-08e4ceed1048' xStart='1138.465' yStart='609.88586' xEnd='1056.4741' yEnd='609.88586' height='273.0' thickness='12.0' pattern='hatchUp'/>
  <wall id='wall-6f3e5ace-1599-4baf-a7dd-14abc079cd2f' level='level-0adc67b6-9a4b-4a28-9596-77874ccca178' xStart='1062.4929' yStart='615.6901' xEnd='1062.4929' yEnd='716.89014' height='273.0' thickness='12.0' pattern='hatchUp'/>
  <wall id='wall-08e0d1ac-2742-4a07-82bd-951fe33abbd0' level='level-0adc67b6-9a4b-4a28-9596-77874ccca178' xStart='1176.5146' yStart='976.132' xEnd='1176.5146' yEnd='728.632' height='261.0' thickness='12.0' pattern='hatchUp'/>
  <wall id='wall-a6c1ae3a-8797-482c-8a3f-63c3495c6724' level='level-513a79fc-c086-4a11-906b-853eb7443fa7' wallAtEnd='wall-2b606b0c-b8fd-4c13-9c8e-80e4c3a500fb' xStart='721.59326' yStart='381.73227' xEnd='721.59326' yEnd='689.64624' height='0.0' heightAtEnd='180.0' thickness='44.0' pattern='hatchUp'>
    <texture attribute='rightSideTexture' name='Szary tynk (Dom w everniach)' width='70.0' height='156.15385' image='57'/>
  </wall>
  <wall id='wall-2b606b0c-b8fd-4c13-9c8e-80e4c3a500fb' level='level-513a79fc-c086-4a11-906b-853eb7443fa7' wallAtStart='wall-a6c1ae3a-8797-482c-8a3f-63c3495c6724' xStart='721.59326' yStart='689.64624' xEnd='721.59326' yEnd='997.5602' height='180.0' heightAtEnd='0.0' thickness='44.0' pattern='hatchUp'>
    <texture attribute='rightSideTexture' name='Szary tynk (Dom w everniach)' width='70.0' height='156.15385' image='57'/>
  </wall>
  <wall id='wall-811101ac-44ff-4ae4-95ce-a63469aedb85' level='level-513a79fc-c086-4a11-906b-853eb7443fa7' wallAtEnd='wall-43acbfd1-f276-4c32-9f7a-88f9943b1600' xStart='1553.5372' yStart='381.73227' xEnd='1553.5372' yEnd='689.64624' height='0.0' heightAtEnd='180.0' thickness='44.0' pattern='hatchUp'>
    <texture attribute='leftSideTexture' name='Szary tynk (Dom w everniach)' width='70.0' height='156.15385' image='57'/>
  </wall>
  <wall id='wall-43acbfd1-f276-4c32-9f7a-88f9943b1600' level='level-513a79fc-c086-4a11-906b-853eb7443fa7' wallAtStart='wall-811101ac-44ff-4ae4-95ce-a63469aedb85' xStart='1553.5372' yStart='689.64624' xEnd='1553.5372' yEnd='997.5602' height='180.0' heightAtEnd='0.0' thickness='44.0' pattern='hatchUp'>
    <texture attribute='leftSideTexture' name='Szary tynk (Dom w everniach)' width='70.0' height='156.15385' image='57'/>
  </wall>
  <wall id='wall-97c11ffa-99c8-44ed-a62d-8f79442f616f' level='level-abfffc00-1aac-4db1-97d5-2880e7b7be75' wallAtStart='wall-55f54882-be4b-42dc-ade6-079461dbacf9' wallAtEnd='wall-03b381f9-2047-47d7-82d6-1492baabd046' xStart='721.59326' yStart='997.5602' xEnd='945.4372' yEnd='997.5602' height='269.0' thickness='44.0' pattern='hatchUp'/>
  <wall id='wall-53d42794-5140-4b6f-a8f0-0f3d8eb4d528' level='level-abfffc00-1aac-4db1-97d5-2880e7b7be75' wallAtStart='wall-f08ab606-8ea3-44a6-b602-990f04f17a85' wallAtEnd='wall-b62bc3f7-079d-4607-b4dc-a2d5ec1163c6' xStart='721.59326' yStart='381.73227' xEnd='1385.4933' yEnd='381.73227' height='269.0' thickness='44.0' pattern='hatchUp'/>
  <wall id='wall-b62bc3f7-079d-4607-b4dc-a2d5ec1163c6' level='level-abfffc00-1aac-4db1-97d5-2880e7b7be75' wallAtStart='wall-53d42794-5140-4b6f-a8f0-0f3d8eb4d528' wallAtEnd='wall-945b3ee5-b746-4b39-b25d-5f161946a763' xStart='1385.4933' yStart='381.73227' xEnd='1553.5372' yEnd='381.73227' height='269.0' thickness='44.0' pattern='hatchUp'/>
  <wall id='wall-f08ab606-8ea3-44a6-b602-990f04f17a85' level='level-abfffc00-1aac-4db1-97d5-2880e7b7be75' wallAtStart='wall-53d42794-5140-4b6f-a8f0-0f3d8eb4d528' wallAtEnd='wall-55f54882-be4b-42dc-ade6-079461dbacf9' xStart='721.59326' yStart='381.73227' xEnd='721.59326' yEnd='659.63226' height='269.0' thickness='44.0' pattern='hatchUp'/>
  <wall id='wall-55f54882-be4b-42dc-ade6-079461dbacf9' level='level-abfffc00-1aac-4db1-97d5-2880e7b7be75' wallAtStart='wall-f08ab606-8ea3-44a6-b602-990f04f17a85' wallAtEnd='wall-97c11ffa-99c8-44ed-a62d-8f79442f616f' xStart='721.59326' yStart='659.63226' xEnd='721.59326' yEnd='997.5602' height='269.0' thickness='44.0' pattern='hatchUp'/>
  <wall id='wall-93bf8972-c385-44a6-b0c4-5ec30de41cf1' level='level-abfffc00-1aac-4db1-97d5-2880e7b7be75' xStart='1344.4327' yStart='544.9332' xEnd='1531.6327' yEnd='544.9332' height='269.0' thickness='8.0' pattern='hatchUp'/>
  <wall id='wall-2f92eede-091f-4551-855e-897efac5c874' level='level-abfffc00-1aac-4db1-97d5-2880e7b7be75' wallAtEnd='wall-973c5d00-a327-4d14-990f-1c8c2571ccaf' xStart='1504.5079' yStart='660.8992' xEnd='1504.5079' yEnd='686.8992' height='269.0' thickness='4.0' pattern='hatchUp'/>
  <wall id='wall-973c5d00-a327-4d14-990f-1c8c2571ccaf' level='level-abfffc00-1aac-4db1-97d5-2880e7b7be75' wallAtStart='wall-2f92eede-091f-4551-855e-897efac5c874' xStart='1504.5079' yStart='686.8992' xEnd='1531.5079' yEnd='686.8992' height='269.0' thickness='4.0' pattern='hatchUp'/>
  <wall id='wall-826d3465-2be2-44c1-90af-b94773354e1e' level='level-0adc67b6-9a4b-4a28-9596-77874ccca178' wallAtEnd='wall-436df301-c959-4ac5-ae97-ff2ba05d83f4' xStart='1479.4872' yStart='716.70746' xEnd='1479.4872' yEnd='665.70746' height='273.0' thickness='4.0' pattern='hatchUp'/>
  <wall id='wall-436df301-c959-4ac5-ae97-ff2ba05d83f4' level='level-0adc67b6-9a4b-4a28-9596-77874ccca178' wallAtStart='wall-826d3465-2be2-44c1-90af-b94773354e1e' xStart='1479.4872' yStart='665.70746' xEnd='1531.4872' yEnd='665.70746' height='273.0' thickness='4.0' pattern='hatchUp'/>
  <wall id='wall-03b381f9-2047-47d7-82d6-1492baabd046' level='level-abfffc00-1aac-4db1-97d5-2880e7b7be75' wallAtStart='wall-97c11ffa-99c8-44ed-a62d-8f79442f616f' wallAtEnd='wall-7e3abee2-a9fa-4da4-a5a1-f1bf5fc7d8d5' xStart='945.4372' yStart='997.5602' xEnd='1046.5841' yEnd='997.5602' height='269.0' thickness='44.0' pattern='hatchUp'/>
  <wall id='wall-7e3abee2-a9fa-4da4-a5a1-f1bf5fc7d8d5' level='level-abfffc00-1aac-4db1-97d5-2880e7b7be75' wallAtStart='wall-03b381f9-2047-47d7-82d6-1492baabd046' wallAtEnd='wall-945b3ee5-b746-4b39-b25d-5f161946a763' xStart='1046.5841' yStart='997.5602' xEnd='1553.5372' yEnd='997.5602' height='269.0' thickness='44.0' pattern='hatchUp'/>
  <wall id='wall-08ff38fc-bd6e-4ed7-83e1-8f016e7edb23' level='level-abfffc00-1aac-4db1-97d5-2880e7b7be75' xStart='1232.463' yStart='497.9533' xEnd='1232.463' yEnd='660.9533' height='269.0' thickness='12.0' pattern='hatchUp'/>
  <wall id='wall-2b460e39-ef7b-4b64-af2e-f316c424659c' level='level-0adc67b6-9a4b-4a28-9596-77874ccca178' wallAtEnd='wall-a67b5fca-cbbd-4f20-a470-ab9c11328665' xStart='1182.5' yStart='956.6602' xEnd='1224.2' yEnd='956.6602' height='239.0' thickness='2.0' pattern='hatchUp'/>
  <wall id='wall-a67b5fca-cbbd-4f20-a470-ab9c11328665' level='level-0adc67b6-9a4b-4a28-9596-77874ccca178' wallAtStart='wall-2b460e39-ef7b-4b64-af2e-f316c424659c' xStart='1224.2' yStart='956.6602' xEnd='1224.2' yEnd='975.6602' height='239.0' thickness='2.0' pattern='hatchUp'/>
  <wall id='wall-77865f09-670a-4859-a46e-eebe7c5f62f4' level='level-0adc67b6-9a4b-4a28-9596-77874ccca178' wallAtEnd='wall-0ce9e639-a09d-4e8f-9266-67c850695277' xStart='743.2143' yStart='752.72894' xEnd='767.3143' yEnd='752.72894' height='269.0' thickness='2.0' pattern='hatchUp'/>
  <wall id='wall-0ce9e639-a09d-4e8f-9266-67c850695277' level='level-0adc67b6-9a4b-4a28-9596-77874ccca178' wallAtStart='wall-77865f09-670a-4859-a46e-eebe7c5f62f4' xStart='767.3143' yStart='752.72894' xEnd='767.3143' yEnd='728.632' height='269.0' thickness='2.0' pattern='hatchUp'/>
  <wall id='wall-aef1d035-8a7a-4fb0-a7b4-69b4a7446430' level='level-abfffc00-1aac-4db1-97d5-2880e7b7be75' wallAtEnd='wall-0a6c879b-704e-41fa-8997-aeda49f7dd04' xStart='1068.9996' yStart='603.9533' xEnd='1068.9996' yEnd='659.4323' height='269.0' thickness='3.0' pattern='hatchUp'/>
  <wall id='wall-0a6c879b-704e-41fa-8997-aeda49f7dd04' level='level-abfffc00-1aac-4db1-97d5-2880e7b7be75' wallAtStart='wall-aef1d035-8a7a-4fb0-a7b4-69b4a7446430' xStart='1068.9996' yStart='659.4323' xEnd='1118.5' yEnd='659.4323' height='269.0' thickness='3.0' pattern='hatchUp'/>
  <room id='room-7d661a51-833c-4510-a004-afee8683f27d' level='level-0adc67b6-9a4b-4a28-9596-77874ccca178' areaVisible='true' ceilingFlat='true'>
    <point x='743.59326' y='403.73227'/>
    <point x='743.59326' y='716.7343'/>
    <point x='1056.4929' y='716.7343'/>
    <point x='1056.4741' y='603.88586'/>
    <point x='1067.4' y='603.88586'/>
    <point x='1067.4' y='567.96014'/>
    <point x='1132.465' y='567.96014'/>
    <point x='1132.465' y='403.73227'/>
  </room>
  <room id='room-a3dc313a-7cd1-41e5-af26-1bbdbc457186' level='level-0adc67b6-9a4b-4a28-9596-77874ccca178' areaVisible='true' ceilingFlat='true'>
    <point x='743.59326' y='728.7343'/>
    <point x='743.59326' y='975.5602'/>
    <point x='1170.5146' y='975.5602'/>
    <point x='1170.5146' y='728.7343'/>
  </room>
  <room id='room-1d58fe11-0e0c-4b03-b728-c36b7b578f08' level='level-0adc67b6-9a4b-4a28-9596-77874ccca178' areaVisible='true' ceilingFlat='true'>
    <point x='1182.5146' y='728.7343'/>
    <point x='1182.5146' y='975.5602'/>
    <point x='1531.5372' y='975.5602'/>
    <point x='1531.5372' y='728.7343'/>
  </room>
  <room id='room-a8a27c69-cc23-4368-b2f6-217a001bf87c' level='level-0adc67b6-9a4b-4a28-9596-77874ccca178' areaVisible='true' ceilingFlat='true'>
    <point x='1344.4635' y='403.73227'/>
    <point x='1344.4635' y='716.6901'/>
    <point x='1477.4872' y='716.70746'/>
    <point x='1477.4872' y='663.70746'/>
    <point x='1531.4872' y='663.70746'/>
    <point x='1531.5372' y='403.73227'/>
  </room>
  <room id='room-6a9d0f0b-aa41-4865-8f1f-a70ba897693b' level='level-0adc67b6-9a4b-4a28-9596-77874ccca178' areaVisible='true' ceilingFlat='true'>
    <point x='1068.4929' y='615.88586'/>
    <point x='1068.4929' y='716.7343'/>
    <point x='1332.4635' y='716.6901'/>
    <point x='1332.4635' y='615.88586'/>
  </room>
  <room id='room-71d21cf7-c492-4d33-b980-9ee0922a568a' level='level-abfffc00-1aac-4db1-97d5-2880e7b7be75' areaVisible='true' ceilingFlat='true'>
    <texture attribute='floorTexture' name='Daglezja zielona' width='225.5' height='299.88568' angle='1.5707964' image='56'/>
    <point x='1132.465' y='403.73227'/>
    <point x='743.59326' y='403.73227'/>
    <point x='743.59326' y='975.5602'/>
    <point x='1339.5538' y='975.5602'/>
    <point x='1339.5538' y='766.94244'/>
    <point x='1279.5269' y='766.94244'/>
    <point x='1279.5269' y='754.94244'/>
    <point x='1226.463' y='754.94244'/>
    <point x='1226.463' y='660.9533'/>
    <point x='1067.4996' y='660.9323'/>
    <point x='1067.4' y='567.96014'/>
    <point x='1132.465' y='567.96014'/>
  </room>
</home>