<?xml version='1.0'?>
<home version='7400' exportFlags='17' name='Dom w everniach.sh3d' camera='topCamera' selectedLevel='level-513a79fc-c086-4a11-906b-853eb7443fa7' wallHeight='190.0'>
  <environment groundColor='00A8A8A8' skyColor='00CCE4FC' lightColor='00D0D0D0'/>
  <observerCamera attribute='observerCamera' lens='PINHOLE' x='1412.3978' y='960.66895' z='709.0' yaw='260.72064' pitch='0.09579645' fieldOfView='1.0995575' time='1717329600174' fixedSize='true'/>
  <camera attribute='topCamera' lens='PINHOLE' x='-210.69641' y='1975.9745' z='1370.0928' yaw='-429.56' pitch='0.4999997' fieldOfView='1.0995575' time='1717329600000'/>
  <observerCamera attribute='storedCamera' id='observerCamera-8f99f9e3-525b-4cb7-9d86-821f34dbd946' name='Wejście (z pierwszej osoby)' lens='PINHOLE' x='1409.1394' y='971.1512' z='212.0' yaw='260.79065' pitch='0.11079697' fieldOfView='1.0995575' time='1717329600174' fixedSize='true'/>
  <level id='level-3593ab34-9be4-48af-8ec4-7bf09be86bb8' name='Fundament' elevation='0.0' floorThickness='2.0' height='30.0' elevationIndex='0'/>
  <level id='level-abfffc00-1aac-4db1-97d5-2880e7b7be75' name='Parter' elevation='32.0' floorThickness='2.0' height='269.0' elevationIndex='0'/>
  <level id='level-0adc67b6-9a4b-4a28-9596-77874ccca178' name='Poddasze' elevation='328.0' floorThickness='27.0' height='234.0' elevationIndex='0'/>
  <level id='level-513a79fc-c086-4a11-906b-853eb7443fa7' name='Dach' elevation='529.0' floorThickness='2.0' height='876.0' elevationIndex='0'/>
  <furnitureGroup level='level-3593ab34-9be4-48af-8ec4-7bf09be86bb8' name='INSTALACJE' x='1142.0913' y='806.65' width='778.8919' depth='337.82025' height='682.0'>
    <pieceOfFurniture level='level-3593ab34-9be4-48af-8ec4-7bf09be86bb8' catalogId='eTeks#texturableCylinder' name='Pion kanalizacyjny' creator='eTeks' model='1/texturableCylinder.obj' x='1526.0372' y='643.2399' elevation='32.0' width='11.0' depth='11.0' height='650.0' color='FF543D03' modelSize='6600'/>
    <furnitureGroup level='level-3593ab34-9be4-48af-8ec4-7bf09be86bb8' name='Elektryka' x='1511.5917' y='824.2191' angle='3.1415927' width='36.848022' depth='302.6822' height='650.0'>
      <pieceOfFurniture level='level-3593ab34-9be4-48af-8ec4-7bf09be86bb8' catalogId='eTeks#texturableCylinder' name='Peszel' creator='eTeks' model='1/texturableCylinder.obj' x='1526.2657' y='776.97174' elevation='240.0' angle='3.1415927' pitch='1.5707964' width='7.5' depth='7.5' depthInPlan='200.0' height='200.0' heightInPlan='7.5000086' color='FFD13814' modelSize='6600'/>
      <pieceOfFurniture level='level-3593ab34-9be4-48af-8ec4-7bf09be86bb8' catalogId='eTeks#texturableCylinder' name='Peszel' creator='eTeks' model='1/texturableCylinder.obj' x='1526.2314' y='676.628' elevation='240.0' angle='3.1415927' width='7.5' depth='7.5' height='410.0' color='FFD13814' modelSize='6600'/>
      <pieceOfFurniture level='level-3593ab34-9be4-48af-8ec4-7bf09be86bb8' catalogId='eTeks#texturableCylinder' name='AROT 110mm' creator='eTeks' model='1/texturableCylinder.obj' x='1498.6677' y='970.0602' angle='3.1415927' width='11.0' depth='11.0' height='120.0' color='FFD13814' modelSize='6600'/>
      <pieceOfFurniture level='level-3593ab34-9be4-48af-8ec4-7bf09be86bb8' catalogId='eTeks#texturableCylinder' name='AROT 110mm' creator='eTeks' model='1/texturableCylinder.obj' x='1522.9402' y='970.0602' angle='3.1415927' width='11.0' depth='11.0' height='120.0' color='FFD13814' modelSize='6600'/>
      <pieceOfFurniture level='level-3593ab34-9be4-48af-8ec4-7bf09be86bb8' catalogId='eTeks#texturableCylinder' name='AROT 110mm' creator='eTeks' model='1/texturableCylinder.obj' x='1510.9252' y='970.0602' angle='3.1415927' width='11.0' depth='11.0' height='120.0' color='FFD13814' modelSize='6600'/>
    </furnitureGroup>
    <furnitureGroup level='level-3593ab34-9be4-48af-8ec4-7bf09be86bb8' name='Kanał rekuperacji' x='1132.0895' y='856.4165' elevation='285.0' width='758.88837' depth='237.2873' height='333.0'>
      <pieceOfFurniture level='level-3593ab34-9be4-48af-8ec4-7bf09be86bb8' catalogId='eTeks#texturableCylinder' name='Kanał powietrzny' creator='eTeks' model='1/texturableCylinder.obj' x='1436.5337' y='966.86035' elevation='285.0' roll='1.5707964' width='16.0' widthInPlan='150.0' depth='16.0' height='150.0' heightInPlan='16.000006' modelSize='6600'>
        <texture name='Szary metal' creator='Scopia' catalogId='eTeksScopia#gray-metal-floor' width='100.0' height='100.0' image='2'/>
      </pieceOfFurniture>
      <pieceOfFurniture level='level-3593ab34-9be4-48af-8ec4-7bf09be86bb8' catalogId='eTeks#texturableCylinder' name='Kanał powietrzny' creator='eTeks' model='1/texturableCylinder.obj' x='1287.513' y='966.92554' elevation='285.0' roll='1.5707964' width='16.0' widthInPlan='148.0' depth='16.0' height='148.0' heightInPlan='16.000006' modelSize='6600'>
        <texture name='Szary metal' creator='Scopia' catalogId='eTeksScopia#gray-metal-floor' width='100.0' height='100.0' image='2'/>
      </pieceOfFurniture>
      <pieceOfFurniture level='level-3593ab34-9be4-48af-8ec4-7bf09be86bb8' catalogId='eTeks#texturableCylinder' name='Kanał powietrzny' creator='eTeks' model='1/texturableCylinder.obj' x='1213.512' y='967.0602' elevation='285.0' width='16.0' depth='16.0' height='290.0' modelSize='6600'>
        <texture name='Szary metal' creator='Scopia' catalogId='eTeksScopia#gray-metal-floor' width='100.0' height='100.0' image='2'/>
      </pieceOfFurniture>
      <pieceOfFurniture level='level-3593ab34-9be4-48af-8ec4-7bf09be86bb8' catalogId='eTeks#texturableCylinder' name='Kanał powietrzny' creator='eTeks' model='1/texturableCylinder.obj' x='758.8953' y='744.0229' elevation='328.0' width='12.5' depth='12.5' height='290.0' modelSize='6600'>
        <texture name='Szary metal' creator='Scopia' catalogId='eTeksScopia#gray-metal-floor' width='100.0' height='100.0' image='2'/>
      </pieceOfFurniture>
      <pieceOfFurniture level='level-3593ab34-9be4-48af-8ec4-7bf09be86bb8' catalogId='eTeks#texturableCylinder' name='Kanał powietrzny' creator='eTeks' model='1/texturableCylinder.obj' x='1461.4108' y='920.8538' elevation='285.0' roll='1.5707964' width='16.0' widthInPlan='100.0' depth='16.0' height='100.0' heightInPlan='16.000004' modelSize='6600'>
        <texture name='Szary metal' creator='Scopia' catalogId='eTeksScopia#gray-metal-floor' width='100.0' height='100.0' image='2'/>
      </pieceOfFurniture>
      <pieceOfFurniture level='level-3593ab34-9be4-48af-8ec4-7bf09be86bb8' catalogId='eTeks#texturableCylinder' name='Kanał powietrzny' creator='eTeks' model='1/texturableCylinder.obj' x='1383.9108' y='921.00916' elevation='285.0' roll='1.5707964' width='12.5' widthInPlan='55.0' depth='12.5' height='55.0' heightInPlan='12.500003' modelSize='6600'>
        <texture name='Szary metal' creator='Scopia' catalogId='eTeksScopia#gray-metal-floor' width='100.0' height='100.0' image='2'/>
      </pieceOfFurniture>
      <pieceOfFurniture level='level-3593ab34-9be4-48af-8ec4-7bf09be86bb8' catalogId='eTeks#texturableCylinder' name='Kanał powietrzny' creator='eTeks' model='1/texturableCylinder.obj' x='1198.356' y='967.0416' elevation='285.0' width='10.0' depth='10.0' height='290.0' modelSize='6600'>
        <texture name='Szary metal' creator='Scopia' catalogId='eTeksScopia#gray-metal-floor' width='100.0' height='100.0' image='2'/>
      </pieceOfFurniture>
      <pieceOfFurniture level='level-3593ab34-9be4-48af-8ec4-7bf09be86bb8' catalogId='eTeks#texturableCylinder' name='Kanał powietrzny' creator='eTeks' model='1/texturableCylinder.obj' x='1406.4108' y='935.64703' elevation='285.0' angle='1.5707964' roll='1.5707964' width='10.0' widthInPlan='30.0' depth='10.0' height='30.0' heightInPlan='10.000001' modelSize='6600'>
        <texture name='Szary metal' creator='Scopia' catalogId='eTeksScopia#gray-metal-floor' width='100.0' height='100.0' image='2'/>
      </pieceOfFurniture>
      <pieceOfFurniture level='level-3593ab34-9be4-48af-8ec4-7bf09be86bb8' catalogId='eTeks#texturableCylinder' name='Kanał powietrzny' creator='eTeks' model='1/texturableCylinder.obj' x='1302.7651' y='945.6771' elevation='285.0' angle='3.1415927' roll='1.5707964' width='10.0' widthInPlan='207.8' depth='10.0' height='207.8' heightInPlan='10.00001' modelSize='6600'>
        <texture name='Szary metal' creator='Scopia' catalogId='eTeksScopia#gray-metal-floor' width='100.0' height='100.0' image='2'/>
      </pieceOfFurniture>
      <pieceOfFurniture level='level-3593ab34-9be4-48af-8ec4-7bf09be86bb8' catalogId='eTeks#texturableCylinder' name='Kanał powietrzny' creator='eTeks' model='1/texturableCylinder.obj' x='1198.4432' y='954.1596' elevation='285.0' angle='1.5707964' roll='1.5707964' width='10.0' widthInPlan='27.0' depth='10.0' height='27.0' heightInPlan='10.000001' modelSize='6600'>
        <texture name='Szary metal' creator='Scopia' catalogId='eTeksScopia#gray-metal-floor' width='100.0' height='100.0' image='2'/>
      </pieceOfFurniture>
    </furnitureGroup>
    <furnitureGroup level='level-3593ab34-9be4-48af-8ec4-7bf09be86bb8' name='C.O.' x='1507.3079' y='673.2709' elevation='32.0' angle='3.1415927' width='1.5999756' depth='4.8772583' height='300.0'>
      <pieceOfFurniture level='level-3593ab34-9be4-48af-8ec4-7bf09be86bb8' catalogId='eTeks#texturableCylinder' name='Rura C.O.' creator='eTeks' model='1/texturableCylinder.obj' x='1507.3079' y='671.63226' elevation='32.0' angle='3.1415927' width='1.6' depth='1.6' height='300.0' color='FFEF9421' modelSize='6600'/>
      <pieceOfFurniture level='level-3593ab34-9be4-48af-8ec4-7bf09be86bb8' catalogId='eTeks#texturableCylinder' name='Rura C.O.' creator='eTeks' model='1/texturableCylinder.obj' x='1507.3079' y='674.90955' elevation='32.0' angle='3.1415927' width='1.6' depth='1.6' height='300.0' color='FFEF9421' modelSize='6600'/>
    </furnitureGroup>
  </furnitureGroup>
  <pieceOfFurniture level='level-513a79fc-c086-4a11-906b-853eb7443fa7' name='Dach' model='4/Dach.obj' x='1137.5054' y='689.8442' angle='1.5707964' width='659.88513' depth='876.0' height='229.74734' modelRotation='1 0 0 0 0 -1 0 1 0' modelSize='4529'/>
  <doorOrWindow level='level-abfffc00-1aac-4db1-97d5-2880e7b7be75' catalogId='SeberRider#frontDoor2' name='Drzwi wejściowe' creator='Seber Rider' model='6/frontDoor2.obj' x='1409.0295' y='994.5609' width='105.0' depth='10.0' height='210.0' modelSize='96717' movable='false' wallCutOutOnBothSides='true'>
    <material name='Door_Frame' color='FF7F7E7C'/>
    <material name='Door_Frame_Head' color='FF7F7E7C'/>
    <material name='Hinge' color='FF7F7E7C'/>
    <material name='Leaf_Side_A' color='FF7F7E7C'/>
    <material name='Leaf_Side_B' color='FF7F7E7C'/>
    <material name='Pole_A' color='FF7F7E7C'/>
    <material name='Pole_B' color='FF7F7E7C'/>
  </doorOrWindow>
  <doorOrWindow level='level-abfffc00-1aac-4db1-97d5-2880e7b7be75' catalogId='eTeks#fixedWindow85x123' name='Okno nieuchylne' creator='eTeks' model='8' x='724.5783' y='709.56506' angle='4.712389' width='100.0' depth='10.0' height='230.0' modelSize='2198' movable='false' cutOutShape='M0,0 v1 h1 v-1 z' wallCutOutOnBothSides='true'>
    <material name='white' color='FF7C7C7A'/>
  </doorOrWindow>
  <doorOrWindow level='level-abfffc00-1aac-4db1-97d5-2880e7b7be75' catalogId='eTeks#fixedWindow85x123' name='Okno nieuchylne' creator='eTeks' model='8' x='897.5495' y='384.73804' width='150.0' depth='10.0' height='230.0' modelSize='2198' movable='false' cutOutShape='M0,0 v1 h1 v-1 z' wallCutOutOnBothSides='true'>
    <material name='white' color='FF7C7C7A'/>
  </doorOrWindow>
  <doorOrWindow level='level-abfffc00-1aac-4db1-97d5-2880e7b7be75' catalogId='eTeks#fixedWindow85x123' name='Okno nieuchylne' creator='eTeks' model='8' x='1022.5103' y='384.73416' width='100.0' depth='10.0' height='230.0' modelSize='2198' movable='false' cutOutShape='M0,0 v1 h1 v-1 z' wallCutOutOnBothSides='true'>
    <material name='white' color='FF7C7C7A'/>
  </doorOrWindow>
  <doorOrWindow level='level-abfffc00-1aac-4db1-97d5-2880e7b7be75' catalogId='eTeks#fixedWindow85x123' name='Okno nieuchylne' creator='eTeks' model='8' x='1195.0212' y='994.5649' elevation='90.0' angle='3.1415927' width='100.0' depth='10.0' height='140.0' modelSize='2198' movable='false' cutOutShape='M0,0 v1 h1 v-1 z' wallCutOutOnBothSides='true'>
    <material name='white' color='FF7C7C7A'/>
  </doorOrWindow>
  <furnitureGroup level='level-0adc67b6-9a4b-4a28-9596-77874ccca178' name='Okno dwudzielne' x='1357.5167' y='994.63446' angle='3.1415927' width='100.05737' depth='10.007202' height='205.0' movable='false'>
    <doorOrWindow level='level-0adc67b6-9a4b-4a28-9596-77874ccca178' catalogId='eTeks#fixedWindow85x123' name='Okno nieuchylne' creator='eTeks' model='8' x='1357.488' y='994.63806' angle='3.1415927' width='100.0' depth='10.0' height='85.0' modelSize='2198' movable='false' cutOutShape='M0,0 v1 h1 v-1 z' wallCutOutOnBothSides='true'>
      <material name='white' color='FF7C7C7A'/>
    </doorOrWindow>
    <doorOrWindow level='level-0adc67b6-9a4b-4a28-9596-77874ccca178' catalogId='eTeks#fixedWindow85x123' name='Okno nieuchylne' creator='eTeks' model='8' x='1357.5454' y='994.63086' elevation='80.0' angle='3.1415927' width='100.0' depth='10.0' height='125.0' modelSize='2198' movable='false' cutOutShape='M0,0 v1 h1 v-1 z' wallCutOutOnBothSides='true'>
      <material name='white' color='FF7C7C7A'/>
    </doorOrWindow>
  </furnitureGroup>
  <furnitureGroup level='level-0adc67b6-9a4b-4a28-9596-77874ccca178' name='Okno dwudzielne' x='724.58215' y='661.545' angle='4.712389' width='100.057495' depth='10.007324' height='205.0' movable='false'>
    <doorOrWindow level='level-0adc67b6-9a4b-4a28-9596-77874ccca178' catalogId='eTeks#fixedWindow85x123' name='Okno nieuchylne' creator='eTeks' model='8' x='724.5785' y='661.51624' angle='4.712389' width='100.0' depth='10.0' height='85.0' modelSize='2198' movable='false' cutOutShape='M0,0 v1 h1 v-1 z' wallCutOutOnBothSides='true'>
      <material name='white' color='FF7C7C7A'/>
    </doorOrWindow>
    <doorOrWindow level='level-0adc67b6-9a4b-4a28-9596-77874ccca178' catalogId='eTeks#fixedWindow85x123' name='Okno nieuchylne' creator='eTeks' model='8' x='724.5858' y='661.5737' elevation='80.0' angle='4.712389' width='100.0' depth='10.0' height='125.0' modelSize='2198' movable='false' cutOutShape='M0,0 v1 h1 v-1 z' wallCutOutOnBothSides='true'>
      <material name='white' color='FF7C7C7A'/>
    </doorOrWindow>
  </furnitureGroup>
  <furnitureGroup level='level-0adc67b6-9a4b-4a28-9596-77874ccca178' name='Okno dwudzielne' x='1022.56604' y='384.7802' width='100.05737' depth='10.007294' height='205.0' movable='false'>
    <doorOrWindow level='level-0adc67b6-9a4b-4a28-9596-77874ccca178' catalogId='eTeks#fixedWindow85x123' name='Okno nieuchylne' creator='eTeks' model='8' x='1022.5947' y='384.77655' width='100.0' depth='10.0' height='85.0' modelSize='2198' movable='false' cutOutShape='M0,0 v1 h1 v-1 z' wallCutOutOnBothSides='true'>
      <material name='white' color='FF7C7C7A'/>
    </doorOrWindow>
    <doorOrWindow level='level-0adc67b6-9a4b-4a28-9596-77874ccca178' catalogId='eTeks#fixedWindow85x123' name='Okno nieuchylne' creator='eTeks' model='8' x='1022.53735' y='384.78384' elevation='80.0' width='100.0' depth='10.0' height='125.0' modelSize='2198' movable='false' cutOutShape='M0,0 v1 h1 v-1 z' wallCutOutOnBothSides='true'>
      <material name='white' color='FF7C7C7A'/>
    </doorOrWindow>
  </furnitureGroup>
  <furnitureGroup level='level-0adc67b6-9a4b-4a28-9596-77874ccca178' name='Okno dwudzielne' x='1411.6312' y='384.75415' width='70.05737' depth='10.007294' height='205.0' movable='false'>
    <doorOrWindow level='level-0adc67b6-9a4b-4a28-9596-77874ccca178' catalogId='eTeks#fixedWindow85x123' name='Okno nieuchylne' creator='eTeks' model='8' x='1411.6599' y='384.7505' width='70.0' depth='10.0' height='85.0' modelSize='2198' movable='false' cutOutShape='M0,0 v1 h1 v-1 z' wallCutOutOnBothSides='true'>
      <material name='white' color='FF7C7C7A'/>
    </doorOrWindow>
    <doorOrWindow level='level-0adc67b6-9a4b-4a28-9596-77874ccca178' catalogId='eTeks#fixedWindow85x123' name='Okno nieuchylne' creator='eTeks' model='8' x='1411.6025' y='384.75778' elevation='80.0' width='70.0' depth='10.0' height='125.0' modelSize='2198' movable='false' cutOutShape='M0,0 v1 h1 v-1 z' wallCutOutOnBothSides='true'>
      <material name='white' color='FF7C7C7A'/>
    </doorOrWindow>
  </furnitureGroup>
  <furnitureGroup level='level-0adc67b6-9a4b-4a28-9596-77874ccca178' name='Okno dwudzielne' x='945.4407' y='994.64056' angle='3.1415927' width='100.05737' depth='10.007202' height='205.0' movable='false'>
    <doorOrWindow level='level-0adc67b6-9a4b-4a28-9596-77874ccca178' catalogId='eTeks#fixedWindow85x123' name='Okno nieuchylne' creator='eTeks' model='8' x='945.412' y='994.64417' angle='3.1415927' width='100.0' depth='10.0' height='85.0' modelSize='2198' movable='false' cutOutShape='M0,0 v1 h1 v-1 z' wallCutOutOnBothSides='true'>
      <material name='white' color='FF7C7C7A'/>
    </doorOrWindow>
    <doorOrWindow level='level-0adc67b6-9a4b-4a28-9596-77874ccca178' catalogId='eTeks#fixedWindow85x123' name='Okno nieuchylne' creator='eTeks' model='8' x='945.46936' y='994.63696' elevation='80.0' angle='3.1415927' width='100.0' depth='10.0' height='125.0' modelSize='2198' movable='false' cutOutShape='M0,0 v1 h1 v-1 z' wallCutOutOnBothSides='true'>
      <material name='white' color='FF7C7C7A'/>
    </doorOrWindow>
  </furnitureGroup>
  <furnitureGroup level='level-3593ab34-9be4-48af-8ec4-7bf09be86bb8' name='Schody wejściowe' x='1420.172' y='1093.0602' width='311.0' depth='147.0' height='68.000015' movable='false'>
    <pieceOfFurniture level='level-3593ab34-9be4-48af-8ec4-7bf09be86bb8' catalogId='eTeks#texturableBox' name='Pudło' creator='eTeks' model='10/texturableBox.obj' x='1437.672' y='1069.5602' width='276.0' depth='100.0' height='32.0' modelSize='1661'>
      <material name='back' shininess='0.1328125'>
        <texture name='Beton' creator='Scopia' catalogId='eTeksScopia#concrete-wall-1' width='100.0' height='100.0' image='11'/>
      </material>
      <material name='bottom' shininess='0.1328125'>
        <texture name='Beton' creator='Scopia' catalogId='eTeksScopia#concrete-wall-1' width='100.0' height='100.0' image='11'/>
      </material>
      <material name='front' shininess='0.1328125'>
        <texture name='Beton' creator='Scopia' catalogId='eTeksScopia#concrete-wall-1' width='100.0' height='100.0' image='11'/>
      </material>
      <material name='left' shininess='0.1328125'>
        <texture name='Beton' creator='Scopia' catalogId='eTeksScopia#concrete-wall-1' width='100.0' height='100.0' image='11'/>
      </material>
      <material name='right' shininess='0.1328125'>
        <texture name='Beton' creator='Scopia' catalogId='eTeksScopia#concrete-wall-1' width='100.0' height='100.0' image='11'/>
      </material>
      <material name='top' shininess='0.1328125'>
        <texture name='Beton' creator='Scopia' catalogId='eTeksScopia#concrete-wall-1' width='100.0' height='100.0' image='11'/>
      </material>
    </pieceOfFurniture>
    <pieceOfFurniture level='level-3593ab34-9be4-48af-8ec4-7bf09be86bb8' catalogId='eTeks#texturableBox' name='Pudło' creator='eTeks' model='10/texturableBox.obj' x='1420.1249' y='1137.0602' width='241.0' depth='35.0' height='14.5' modelSize='1661'>
      <material name='back' shininess='0.1171875'>
        <texture name='Beton' creator='Scopia' catalogId='eTeksScopia#concrete-wall-1' width='100.0' height='100.0' image='11'/>
      </material>
      <material name='bottom' shininess='0.1171875'>
        <texture name='Beton' creator='Scopia' catalogId='eTeksScopia#concrete-wall-1' width='100.0' height='100.0' image='11'/>
      </material>
      <material name='front' shininess='0.1171875'>
        <texture name='Beton' creator='Scopia' catalogId='eTeksScopia#concrete-wall-1' width='100.0' height='100.0' image='11'/>
      </material>
      <material name='left' shininess='0.1171875'>
        <texture name='Beton' creator='Scopia' catalogId='eTeksScopia#concrete-wall-1' width='100.0' height='100.0' image='11'/>
      </material>
      <material name='right' shininess='0.1171875'>
        <texture name='Beton' creator='Scopia' catalogId='eTeksScopia#concrete-wall-1' width='100.0' height='100.0' image='11'/>
      </material>
      <material name='top' shininess='0.1171875'>
        <texture name='Beton' creator='Scopia' catalogId='eTeksScopia#concrete-wall-1' width='100.0' height='100.0' image='11'/>
      </material>
    </pieceOfFurniture>
    <pieceOfFurniture level='level-3593ab34-9be4-48af-8ec4-7bf09be86bb8' catalogId='eTeks#texturableBox' name='Pudło' creator='eTeks' model='10/texturableBox.obj' x='1282.172' y='1087.0602' width='35.0' depth='135.0' height='32.0' modelSize='1661'>
      <material name='back' shininess='0.1328125'>
        <texture name='Beton' creator='Scopia' catalogId='eTeksScopia#concrete-wall-1' width='100.0' height='100.0' image='11'/>
      </material>
      <material name='bottom' shininess='0.1328125'>
        <texture name='Beton' creator='Scopia' catalogId='eTeksScopia#concrete-wall-1' width='100.0' height='100.0' image='11'/>
      </material>
      <material name='front' shininess='0.1328125'>
        <texture name='Beton' creator='Scopia' catalogId='eTeksScopia#concrete-wall-1' width='100.0' height='100.0' image='11'/>
      </material>
      <material name='left' shininess='0.1328125'>
        <texture name='Beton' creator='Scopia' catalogId='eTeksScopia#concrete-wall-1' width='100.0' height='100.0' image='11'/>
      </material>
      <material name='right' shininess='0.1328125'>
        <texture name='Beton' creator='Scopia' catalogId='eTeksScopia#concrete-wall-1' width='100.0' height='100.0' image='11'/>
      </material>
      <material name='top' shininess='0.0'>
        <texture name='Piaszczysta ziemia' creator='Scopia' catalogId='eTeksScopia#sandy-soil' width='100.0' height='100.0' image='12'/>
      </material>
    </pieceOfFurniture>
    <pieceOfFurniture level='level-3593ab34-9be4-48af-8ec4-7bf09be86bb8' catalogId='eTeks#texturableBox' name='Pudło' creator='eTeks' model='10/texturableBox.obj' x='1558.0647' y='1137.0602' width='35.0' depth='35.0' height='32.0' modelSize='1661'>
      <material name='back' shininess='0.140625'>
        <texture name='Beton' creator='Scopia' catalogId='eTeksScopia#concrete-wall-1' width='100.0' height='100.0' image='11'/>
      </material>
      <material name='bottom' shininess='0.140625'>
        <texture name='Beton' creator='Scopia' catalogId='eTeksScopia#concrete-wall-1' width='100.0' height='100.0' image='11'/>
      </material>
      <material name='front' shininess='0.140625'>
        <texture name='Beton' creator='Scopia' catalogId='eTeksScopia#concrete-wall-1' width='100.0' height='100.0' image='11'/>
      </material>
      <material name='left' shininess='0.140625'>
        <texture name='Beton' creator='Scopia' catalogId='eTeksScopia#concrete-wall-1' width='100.0' height='100.0' image='11'/>
      </material>
      <material name='right' shininess='0.140625'>
        <texture name='Beton' creator='Scopia' catalogId='eTeksScopia#concrete-wall-1' width='100.0' height='100.0' image='11'/>
      </material>
      <material name='top' shininess='0.0'>
        <texture name='Piaszczysta ziemia' creator='Scopia' catalogId='eTeksScopia#sandy-soil' width='100.0' height='100.0' image='12'/>
      </material>
    </pieceOfFurniture>
    <pieceOfFurniture level='level-3593ab34-9be4-48af-8ec4-7bf09be86bb8' catalogId='Scopia#hedge' name='Żywopłot' creator='Scopia' model='14/hedge.obj' x='1282.4177' y='1093.0602' elevation='25.0' angle='1.5707964' width='147.0' depth='30.5' height='43.0' heightInPlan='43.00001' modelSize='1067649' movable='false'/>
    <pieceOfFurniture level='level-3593ab34-9be4-48af-8ec4-7bf09be86bb8' catalogId='Scopia#hedge' name='Żywopłot' creator='Scopia' model='14/hedge.obj' x='1558.2261' y='1137.8102' elevation='25.0' angle='1.5707964' width='36.5' depth='30.5' height='26.5' heightInPlan='26.500013' modelSize='1067649' movable='false'/>
  </furnitureGroup>
  <furnitureGroup level='level-abfffc00-1aac-4db1-97d5-2880e7b7be75' name='Daszek na wejściem' x='1440.2667' y='1067.3768' elevation='230.0' angle='3.1415927' width='270.4027' depth='95.63318' height='66.09979'>
    <pieceOfFurniture level='level-abfffc00-1aac-4db1-97d5-2880e7b7be75' catalogId='eTeks#texturableBox' name='Daszek na wejściem' creator='eTeks' model='10/texturableBox.obj' x='1440.4681' y='1067.0602' elevation='230.0' angle='3.1415927' width='270.0' depth='95.0' height='62.0' modelSize='1661'>
      <material name='back' shininess='0.0'/>
      <material name='bottom' shininess='0.0'/>
      <material name='front' shininess='0.0'/>
      <material name='left' shininess='0.0'/>
      <material name='right' shininess='0.0'/>
      <material name='top' shininess='0.0'/>
    </pieceOfFurniture>
    <pieceOfFurniture level='level-abfffc00-1aac-4db1-97d5-2880e7b7be75' name='Daszek nad wejśceim' model='16/model.obj' x='1440.1685' y='1067.3768' elevation='291.0' angle='1.5729711' width='95.046265' depth='270.0' height='5.0997925' modelRotation='1 0 0 0 0 -1 0 1 0' modelSize='3073'/>
  </furnitureGroup>
  <pieceOfFurniture level='level-abfffc00-1aac-4db1-97d5-2880e7b7be75' catalogId='eTeks#texturableBox' name='Biały pas na elewacji pomiędzy poziomami' creator='eTeks' model='10/texturableBox.obj' x='1137.4847' y='1019.61017' elevation='230.0' width='876.0' depth='0.1' height='66.0' modelSize='1661'>
    <material name='back' shininess='0.0'/>
    <material name='bottom' shininess='0.0'/>
    <material name='front' shininess='0.0'/>
    <material name='left' shininess='0.0'/>
    <material name='right' shininess='0.0'/>
    <material name='top' shininess='0.0'/>
  </pieceOfFurniture>
  <pieceOfFurniture level='level-abfffc00-1aac-4db1-97d5-2880e7b7be75' catalogId='eTeks#texturableBox' name='Biały pas na elewacji pomiędzy poziomami' creator='eTeks' model='10/texturableBox.obj' x='1137.6064' y='359.68228' elevation='230.0' angle='3.1415927' width='876.0' depth='0.1' height='66.0' modelSize='1661'>
    <material name='back' shininess='0.0'/>
    <material name='bottom' shininess='0.0'/>
    <material name='front' shininess='0.0'/>
    <material name='left' shininess='0.0'/>
    <material name='right' shininess='0.0'/>
    <material name='top' shininess='0.0'/>
  </pieceOfFurniture>
  <pieceOfFurniture level='level-abfffc00-1aac-4db1-97d5-2880e7b7be75' catalogId='eTeks#texturableBox' name='Biały pas na elewacji pomiędzy poziomami' creator='eTeks' model='10/texturableBox.obj' x='699.4347' y='690.1279' elevation='230.0' angle='1.5707964' width='660.0' depth='0.1' height='66.0' modelSize='1661'>
    <material name='back' shininess='0.0'/>
    <material name='bottom' shininess='0.0'/>
    <material name='front' shininess='0.0'/>
    <material name='left' shininess='0.0'/>
    <material name='right' shininess='0.0'/>
    <material name='top' shininess='0.0'/>
  </pieceOfFurniture>
  <pieceOfFurniture level='level-abfffc00-1aac-4db1-97d5-2880e7b7be75' catalogId='eTeks#texturableBox' name='Biały pas na elewacji pomiędzy poziomami' creator='eTeks' model='10/texturableBox.obj' x='1575.5348' y='689.8507' elevation='230.0' angle='4.712389' width='660.0' depth='0.1' height='66.0' modelSize='1661'>
    <material name='back' shininess='0.0'/>
    <material name='bottom' shininess='0.0'/>
    <material name='front' shininess='0.0'/>
    <material name='left' shininess='0.0'/>
    <material name='right' shininess='0.0'/>
    <material name='top' shininess='0.0'/>
  </pieceOfFurniture>
  <doorOrWindow level='level-abfffc00-1aac-4db1-97d5-2880e7b7be75' name='Niewidzialne okno' model='18/Niewidzialne%20okno.obj' x='1416.5513' y='544.9332' angle='3.1415927' width='90.0' depth='8.00075' height='206.0' modelSize='1140' movable='false' wallCutOutOnBothSides='true'/>
  <pieceOfFurniture level='level-abfffc00-1aac-4db1-97d5-2880e7b7be75' catalogId='Scopia#electric_water_heater' name='SGW(S)B Tower Biwal 200' creator='Scopia' model='20/electric_water_heater.obj' x='1495.6405' y='440.0732' elevation='2.5' angle='1.5707964' width='67.0' depth='67.0' height='114.0' modelSize='109865' description='Zasobnik biwalentny' movable='false'/>
  <pieceOfFurniture level='level-abfffc00-1aac-4db1-97d5-2880e7b7be75' catalogId='Sheep#tableauElectrique' name='ELEKTRO-PLAST ECONOMIC BOX RN 3x36 IP 40 (PE+N)' creator='Sheep' model='22' x='1501.6195' y='970.3102' elevation='120.0' angle='3.1415927' width='35.4' depth='10.5' height='56.0' modelSize='47395' description='Rozdzielnica elektryczna' movable='false'/>
  <pieceOfFurniture level='level-abfffc00-1aac-4db1-97d5-2880e7b7be75' name='Viessmann VITODENS 100-W' model='24/Gas%20boiler%20Immergas%20N100718.3ds.obj' x='1513.5372' y='438.0779' elevation='150.0' angle='1.5707964' width='40.0' depth='36.0' height='70.0' modelMirrored='true' modelSize='978149'/>
  <pieceOfFurniture level='level-abfffc00-1aac-4db1-97d5-2880e7b7be75' catalogId='eTeks#texturableBox' name='Lanberg Rack 10&quot; 6U 280X310' creator='eTeks' model='10/texturableBox.obj' x='1516.0372' y='721.4176' elevation='120.0' angle='1.5707964' width='28.0' depth='31.0' height='33.6' color='FF393839' modelSize='1661'/>
  <pieceOfFurniture level='level-abfffc00-1aac-4db1-97d5-2880e7b7be75' name='Centrala wentylacyjna CWPP 160/125 GÓRNA ECO jon16 PRZECIWPRĄDOWA możliwość podłączenia klimatyzacji' creator='ECS Piotr Paruszewski' model='26/CWPP.obj' x='1515.7372' y='909.0598' elevation='120.0' angle='1.5707964' width='58.2' depth='31.600002' height='61.1' modelSize='52680'/>
  <pieceOfFurniture level='level-abfffc00-1aac-4db1-97d5-2880e7b7be75' catalogId='Scopia#clothes_washing_machine' name='Pralka' creator='Scopia' model='28/clothes_washing_machine.obj' x='1174.215' y='422.33228' width='59.5' depth='37.2' height='84.3' modelSize='94793'/>
  <pieceOfFurniture level='level-0adc67b6-9a4b-4a28-9596-77874ccca178' catalogId='Reallusion#male03' name='Mężczyzna' creator='Reallusion' model='30/male03.obj' x='831.93726' y='858.6497' angle='1.5707964' width='55.7' depth='39.100002' height='184.0' modelSize='1089484'/>
  <doorOrWindow level='level-abfffc00-1aac-4db1-97d5-2880e7b7be75' name='Niewidzialne okno' model='18/Niewidzialne%20okno.obj' x='1416.5986' y='776.6154' width='90.0' depth='12.00075' height='206.0' modelSize='1140' movable='false' wallCutOutOnBothSides='true'/>
  <doorOrWindow level='level-abfffc00-1aac-4db1-97d5-2880e7b7be75' name='Niewidzialne okno' model='18/Niewidzialne%20okno.obj' x='1416.4532' y='654.8902' angle='3.1415927' width='90.0' depth='12.00075' height='206.0' modelSize='1140' movable='false' wallCutOutOnBothSides='true'/>
  <doorOrWindow level='level-abfffc00-1aac-4db1-97d5-2880e7b7be75' catalogId='eTeks#fixedWindow85x123' name='Okno nieuchylne' creator='eTeks' model='8' x='1409.4492' y='384.7225' elevation='180.0' width='70.0' depth='10.0' height='50.0' modelSize='2198' movable='false' cutOutShape='M0,0 v1 h1 v-1 z' wallCutOutOnBothSides='true'>
    <material name='white' color='FF7C7C7A'/>
  </doorOrWindow>
  <doorOrWindow level='level-0adc67b6-9a4b-4a28-9596-77874ccca178' name='Niewidzialne okno' model='18/Niewidzialne%20okno.obj' x='1232.5466' y='722.7343' width='90.0' depth='12.00075' height='200.0' modelSize='1140' movable='false' wallCutOutOnBothSides='true'/>
  <doorOrWindow level='level-0adc67b6-9a4b-4a28-9596-77874ccca178' name='Niewidzialne okno' model='18/Niewidzialne%20okno.obj' x='1338.4635' y='651.7159' angle='4.712389' width='90.0' depth='12.00075' height='200.0' modelSize='1140' movable='false' wallCutOutOnBothSides='true'/>
  <doorOrWindow level='level-0adc67b6-9a4b-4a28-9596-77874ccca178' name='Niewidzialne okno' model='18/Niewidzialne%20okno.obj' x='1062.4929' y='666.70087' angle='1.5707964' width='90.0' depth='12.00075' height='200.0' modelSize='1140' movable='false' wallCutOutOnBothSides='true'/>
  <doorOrWindow level='level-0adc67b6-9a4b-4a28-9596-77874ccca178' name='Niewidzialne okno' model='18/Niewidzialne%20okno.obj' x='1120.4752' y='722.7343' width='90.0' depth='12.00075' height='200.0' modelSize='1140' movable='false' wallCutOutOnBothSides='true'/>
  <pieceOfFurniture level='level-abfffc00-1aac-4db1-97d5-2880e7b7be75' name='GRANSTORP' model='32/GRANSTORP.obj' x='900.29626' y='781.1473' width='90.0' depth='90.0' height='86.48654' modelRotation='0 0 -1 0 -1 0 -1 0 0' modelSize='311878'/>
  <pieceOfFurniture level='level-abfffc00-1aac-4db1-97d5-2880e7b7be75' name='Krzesło skandynawskie szare' model='34/Krzeslo%20skandynawskie%20szare.obj' x='851.297' y='780.5265' angle='4.7123895' width='46.2' depth='53.4' height='83.0' modelSize='686949'/>
  <pieceOfFurniture level='level-abfffc00-1aac-4db1-97d5-2880e7b7be75' name='Krzesło skandynawskie szare' model='34/Krzeslo%20skandynawskie%20szare.obj' x='954.27905' y='782.0994' angle='1.5707964' width='46.2' depth='53.4' height='83.0' modelSize='686949'/>
  <pieceOfFurniture level='level-abfffc00-1aac-4db1-97d5-2880e7b7be75' catalogId='eTeks#sofa2' name='Kanapa' creator='eTeks' model='36' x='794.5978' y='510.53522' angle='4.712389' width='182.0' depth='86.5' height='88.0' modelSize='55383'/>
  <furnitureGroup level='level-abfffc00-1aac-4db1-97d5-2880e7b7be75' name='Oświetlenie nad blatem kuchennym' x='1003.21515' y='956.6708' elevation='227.70001' width='378.00818' depth='7.078064' height='0.30000305' movable='false'>
    <light level='level-abfffc00-1aac-4db1-97d5-2880e7b7be75' catalogId='Puybaret#minispot' name='Plafon' creator='Emmanuel Puybaret' model='38/minispot.obj' x='817.71106' y='956.6318' elevation='227.70001' width='7.0' depth='7.0' height='0.3' modelSize='10849' movable='false'>
      <material name='border' color='FF393839'/>
    </light>
    <light level='level-abfffc00-1aac-4db1-97d5-2880e7b7be75' catalogId='Puybaret#minispot' name='Plafon' creator='Emmanuel Puybaret' model='38/minispot.obj' x='976.91394' y='956.6318' elevation='227.70001' width='7.0' depth='7.0' height='0.3' modelSize='10849' movable='false'>
      <material name='border' color='FF393839'/>
    </light>
    <light level='level-abfffc00-1aac-4db1-97d5-2880e7b7be75' catalogId='Puybaret#minispot' name='Plafon' creator='Emmanuel Puybaret' model='38/minispot.obj' x='1188.7192' y='956.70984' elevation='227.70001' width='7.0' depth='7.0' height='0.3' modelSize='10849' movable='false'>
      <material name='border' color='FF393839'/>
    </light>
  </furnitureGroup>
  <pieceOfFurniture level='level-abfffc00-1aac-4db1-97d5-2880e7b7be75' name='Szafka TV' creator='Lindner Apollo 49' model='40/untitled.dae.obj' x='1114.965' y='485.79614' elevation='30.0' angle='1.5707964' width='150.0' depth='35.0' height='39.100002' modelSize='426816'/>
  <pieceOfFurniture level='level-abfffc00-1aac-4db1-97d5-2880e7b7be75' name='Półka ścienna' creator='Ikea LACK' model='42/untitled.dae.obj' x='1119.4646' y='485.32294' elevation='190.0' angle='1.5707964' width='110.00337' depth='26.000679' height='4.90033' modelRotation='1 0 0 0 0 -1 0 1 0' modelSize='270181'/>
  <pieceOfFurniture level='level-abfffc00-1aac-4db1-97d5-2880e7b7be75' name='Zwisająca roślina' model='44/model.dae' x='1109.7621' y='515.7654' elevation='100.5' angle='1.5707964' width='45.405823' depth='56.297195' height='123.02841' modelFlags='2' modelRotation='0 0 -1 0 1 0 1 0 0' modelSize='422994'/>
  <pieceOfFurniture level='level-abfffc00-1aac-4db1-97d5-2880e7b7be75' name='Zwisająca roślina' model='46/model.dae.obj' x='1108.1783' y='448.85248' elevation='95.700005' angle='1.5707964' width='55.501743' depth='48.573265' height='124.28931' modelFlags='2' modelRotation='-1 0 0 0 1 0 0 0 -1' modelSize='5382238'>
    <material name='__Color_C12_1' color='FF7F7E7C'/>
  </pieceOfFurniture>
  <pieceOfFurniture level='level-abfffc00-1aac-4db1-97d5-2880e7b7be75' name='Zwisająca roślina' model='48/model.dae.obj' x='1111.7097' y='482.69724' elevation='176.40001' angle='1.5707964' width='34.424294' depth='41.510456' height='42.032433' modelFlags='2' modelRotation='0 0 -1 0 1 0 1 0 0' modelSize='1282976'/>
  <pieceOfFurniture level='level-abfffc00-1aac-4db1-97d5-2880e7b7be75' name='Czytnik ebooków' creator='Sony PRS-350' model='50/model.dae.obj' x='1114.9291' y='515.5508' elevation='69.100006' angle='1.0471976' width='10.459118' depth='14.499587' height='0.8999999' modelFlags='2' modelSize='812875'/>
  <pieceOfFurniture level='level-abfffc00-1aac-4db1-97d5-2880e7b7be75' name='Tablet' creator='Samsung Galaxy Tab S2 8.0' model='52/model.dae.obj' x='1115.719' y='471.40964' elevation='69.100006' angle='1.3089969' width='13.4800005' depth='19.856' height='0.5599999' modelFlags='2' modelRotation='-1 0 0 0 0 -1 0 -1 0' modelSize='259871'/>
  <pieceOfFurniture level='level-abfffc00-1aac-4db1-97d5-2880e7b7be75' name='Głośnik' creator='Ikea SYMFONISK' model='54/untitled.dae.obj' x='1119.2957' y='420.12903' elevation='69.100006' angle='1.3089969' width='10.0002985' depth='15.073304' height='31.0' modelSize='291195'/>
  <pieceOfFurniture level='level-abfffc00-1aac-4db1-97d5-2880e7b7be75' name='Głośnik' creator='Ikea SYMFONISK' model='54/untitled.dae.obj' x='1119.6033' y='552.6979' elevation='69.1' angle='1.8325958' width='10.0' depth='15.1' height='31.0' modelSize='291195'/>
  <pieceOfFurniture level='level-abfffc00-1aac-4db1-97d5-2880e7b7be75' catalogId='eTeks#texturableBox' name='Kominek NADIA 7 kW' creator='eTeks' model='10/texturableBox.obj' x='1090.4707' y='634.61786' elevation='32.0' angle='1.5707964' width='46.5' depth='46.0' height='51.0' modelSize='1661'>
    <material name='front'>
      <texture name='Front kominka NADIA' width='46.51636' height='52.0' image='55'/>
    </material>
  </pieceOfFurniture>
  <furnitureGroup level='level-abfffc00-1aac-4db1-97d5-2880e7b7be75' name='Kratka wentylacyjna kominka' x='1073.6561' y='634.3222' elevation='190.0' angle='1.5707964' width='40.41327' depth='12.880127' height='9.300003' movable='false'>
    <pieceOfFurniture level='level-abfffc00-1aac-4db1-97d5-2880e7b7be75' name='Kratka wentylacyjna' creator='Kratki LUFT' model='57/Kratka_LUFT_9_40.obj' x='1073.6561' y='634.26556' elevation='190.0' angle='1.5707964' width='40.3' depth='12.88' height='9.26' color='FF393839' modelRotation='0 0 1 0 1 0 -1 0 0' modelSize='74379'/>
    <doorOrWindow level='level-abfffc00-1aac-4db1-97d5-2880e7b7be75' name='Niewidzialne okno' model='18/Niewidzialne%20okno.obj' x='1068.9996' y='634.3788' elevation='190.0' angle='1.5707964' width='40.3' depth='3.00075' height='9.3' modelSize='1140' movable='false' wallCutOutOnBothSides='true'/>
  </furnitureGroup>
  <furnitureGroup level='level-abfffc00-1aac-4db1-97d5-2880e7b7be75' name='Lampa sufitowa nad salonem' x='953.923' y='544.04004' elevation='254.1' width='25.0' depth='25.299988' height='14.899994'>
    <pieceOfFurniture level='level-abfffc00-1aac-4db1-97d5-2880e7b7be75' name='Lampa sufitowa' creator='Ikea NYMÅNE' model='60/NYMANE.obj' x='953.923' y='544.0401' elevation='255.6' width='25.0' depth='25.300001' height='13.400001' modelSize='69280'/>
    <light level='level-abfffc00-1aac-4db1-97d5-2880e7b7be75' catalogId='eTeks#halogenLightSource' name='Halogenowe źródło światła' creator='eTeks' model='62' x='945.04614' y='538.21356' elevation='254.1' width='5.800002' widthInPlan='5.8000007' depth='5.800002' depthInPlan='5.8000007' height='5.800002' heightInPlan='5.8000007' modelSize='1286' horizontallyRotatable='false' deformable='false' texturable='false'/>
    <light level='level-abfffc00-1aac-4db1-97d5-2880e7b7be75' catalogId='eTeks#halogenLightSource' name='Halogenowe źródło światła' creator='eTeks' model='62' x='950.808' y='553.2451' elevation='254.90002' width='5.8' depth='5.8' height='5.8' modelSize='1286' horizontallyRotatable='false' deformable='false' texturable='false'/>
    <light level='level-abfffc00-1aac-4db1-97d5-2880e7b7be75' catalogId='eTeks#halogenLightSource' name='Halogenowe źródło światła' creator='eTeks' model='62' x='963.2091' y='539.5915' elevation='254.1' width='5.8' depth='5.8' height='5.8' modelSize='1286' horizontallyRotatable='false' deformable='false' texturable='false'/>
  </furnitureGroup>
  <furnitureGroup level='level-abfffc00-1aac-4db1-97d5-2880e7b7be75' name='Lampa sufitowa nad aneksem kuchennym' x='893.59045' y='871.618' elevation='248.20001' width='38.599976' depth='14.599976' height='20.799988'>
    <pieceOfFurniture level='level-abfffc00-1aac-4db1-97d5-2880e7b7be75' name='Reflektory sufitowe' creator='Kinkiet LED FARGO 3xGU10' model='65/untitled.dae.obj' x='893.59045' y='871.618' elevation='248.20001' width='38.600002' depth='14.6' height='20.800001' modelRotation='1 0 0 0 -1 0 0 0 -1' modelSize='209472'/>
    <light level='level-abfffc00-1aac-4db1-97d5-2880e7b7be75' catalogId='eTeks#halogenLightSource' name='Halogenowe źródło światła' creator='eTeks' model='62' x='877.68555' y='868.3236' elevation='248.30005' width='5.000001' widthInPlan='5.0000005' depth='5.000001' depthInPlan='5.0000005' height='5.000001' heightInPlan='5.0000005' modelSize='1286' horizontallyRotatable='false' deformable='false' texturable='false'/>
    <light level='level-abfffc00-1aac-4db1-97d5-2880e7b7be75' catalogId='eTeks#halogenLightSource' name='Halogenowe źródło światła' creator='eTeks' model='62' x='893.4855' y='875.52356' elevation='248.60004' width='5.0' depth='5.0' height='5.0' modelSize='1286' horizontallyRotatable='false' deformable='false' texturable='false'/>
    <light level='level-abfffc00-1aac-4db1-97d5-2880e7b7be75' catalogId='eTeks#halogenLightSource' name='Halogenowe źródło światła' creator='eTeks' model='62' x='910.2855' y='867.42365' elevation='249.0' width='5.0' depth='5.0' height='5.0' modelSize='1286' horizontallyRotatable='false' deformable='false' texturable='false'/>
  </furnitureGroup>
  <furnitureGroup level='level-abfffc00-1aac-4db1-97d5-2880e7b7be75' name='Lampa sufitowa nad aneksem kuchennym' x='1209.6204' y='871.9914' elevation='248.2' width='38.599976' depth='14.599976' height='20.800003'>
    <pieceOfFurniture level='level-abfffc00-1aac-4db1-97d5-2880e7b7be75' name='Reflektory sufitowe' creator='Kinkiet LED FARGO 3xGU10' model='65/untitled.dae.obj' x='1209.6205' y='871.9914' elevation='248.2' width='38.600002' depth='14.6' height='20.800001' modelRotation='1 0 0 0 -1 0 0 0 -1' modelSize='209472'/>
    <light level='level-abfffc00-1aac-4db1-97d5-2880e7b7be75' catalogId='eTeks#halogenLightSource' name='Halogenowe źródło światła' creator='eTeks' model='62' x='1193.7156' y='868.697' elevation='248.30003' width='5.000001' widthInPlan='5.0000005' depth='5.000001' depthInPlan='5.0000005' height='5.000001' heightInPlan='5.0000005' modelSize='1286' horizontallyRotatable='false' deformable='false' texturable='false'/>
    <light level='level-abfffc00-1aac-4db1-97d5-2880e7b7be75' catalogId='eTeks#halogenLightSource' name='Halogenowe źródło światła' creator='eTeks' model='62' x='1209.5155' y='875.897' elevation='248.60002' width='5.0' depth='5.0' height='5.0' modelSize='1286' horizontallyRotatable='false' deformable='false' texturable='false'/>
    <light level='level-abfffc00-1aac-4db1-97d5-2880e7b7be75' catalogId='eTeks#halogenLightSource' name='Halogenowe źródło światła' creator='eTeks' model='62' x='1226.3156' y='867.79706' elevation='248.99998' width='5.0' depth='5.0' height='5.0' modelSize='1286' horizontallyRotatable='false' deformable='false' texturable='false'/>
  </furnitureGroup>
  <furnitureGroup level='level-abfffc00-1aac-4db1-97d5-2880e7b7be75' name='Aneks kuchenny (Opcja 1)' x='1041.5538' y='879.07587' angle='3.1415927' width='596.00006' depth='192.96857' height='269.0'>
    <pieceOfFurniture level='level-abfffc00-1aac-4db1-97d5-2880e7b7be75' name='Minimalistyczna szafka dolna na zlewozmywak z dwiema szufladami' model='67/Minimalistyczna%20szafka%20dolna%20na%20zlewozmywak%20z%20dwiema%20szufladami.obj' x='773.59326' y='944.41016' angle='3.1415927' width='60.0' depth='62.3' height='88.0' shininess='0.0' modelRotation='0 0 -1 0 1 0 1 0 0' modelSize='14836'/>
    <pieceOfFurniture level='level-abfffc00-1aac-4db1-97d5-2880e7b7be75' name='Minimalistyczna szafka dolna na zlewozmywak z dwiema szufladami' model='67/Minimalistyczna%20szafka%20dolna%20na%20zlewozmywak%20z%20dwiema%20szufladami.obj' x='833.59326' y='944.41016' angle='3.1415927' width='60.0' depth='62.3' height='88.0' shininess='0.0' modelRotation='0 0 -1 0 1 0 1 0 0' modelSize='14836'/>
    <pieceOfFurniture level='level-abfffc00-1aac-4db1-97d5-2880e7b7be75' name='Minimalistyczna szafka dolna na zlewozmywak z dwiema szufladami' model='67/Minimalistyczna%20szafka%20dolna%20na%20zlewozmywak%20z%20dwiema%20szufladami.obj' x='893.59326' y='944.41016' angle='3.1415927' width='60.0' depth='62.3' height='88.0' shininess='0.0' modelRotation='0 0 -1 0 1 0 1 0 0' modelSize='14836'/>
    <pieceOfFurniture level='level-abfffc00-1aac-4db1-97d5-2880e7b7be75' name='Minimalistyczna szafka dolna na zlewozmywak z dwiema szufladami' model='67/Minimalistyczna%20szafka%20dolna%20na%20zlewozmywak%20z%20dwiema%20szufladami.obj' x='953.59326' y='944.41016' angle='3.1415927' width='60.0' depth='62.3' height='88.0' shininess='0.0' modelRotation='0 0 -1 0 1 0 1 0 0' modelSize='14836'/>
    <pieceOfFurniture level='level-abfffc00-1aac-4db1-97d5-2880e7b7be75' name='Minimalistyczna szafka dolna na zlewozmywak z dwiema szufladami' model='67/Minimalistyczna%20szafka%20dolna%20na%20zlewozmywak%20z%20dwiema%20szufladami.obj' x='1013.59326' y='944.41016' angle='3.1415927' width='60.0' depth='62.3' height='88.0' shininess='0.0' modelRotation='0 0 -1 0 1 0 1 0 0' modelSize='14836'/>
    <pieceOfFurniture level='level-abfffc00-1aac-4db1-97d5-2880e7b7be75' name='Minimalistyczna szafka dolna na zlewozmywak z dwiema szufladami' model='67/Minimalistyczna%20szafka%20dolna%20na%20zlewozmywak%20z%20dwiema%20szufladami.obj' x='1073.5933' y='944.41016' angle='3.1415927' width='60.0' depth='62.3' height='88.0' shininess='0.0' modelRotation='0 0 -1 0 1 0 1 0 0' modelSize='14836'/>
    <pieceOfFurniture level='level-abfffc00-1aac-4db1-97d5-2880e7b7be75' name='Minimalistyczna szafka dolna na zlewozmywak z dwiema szufladami' model='67/Minimalistyczna%20szafka%20dolna%20na%20zlewozmywak%20z%20dwiema%20szufladami.obj' x='1133.5933' y='944.41016' angle='3.1415927' width='60.0' depth='62.3' height='88.0' shininess='0.0' modelRotation='0 0 -1 0 1 0 1 0 0' modelSize='14836'/>
    <pieceOfFurniture level='level-abfffc00-1aac-4db1-97d5-2880e7b7be75' name='Minimalistyczna szafka dolna na zlewozmywak z dwiema szufladami' model='67/Minimalistyczna%20szafka%20dolna%20na%20zlewozmywak%20z%20dwiema%20szufladami.obj' x='1193.5933' y='944.41016' angle='3.1415927' width='60.0' depth='62.3' height='88.0' shininess='0.0' modelRotation='0 0 -1 0 1 0 1 0 0' modelSize='14836'/>
    <pieceOfFurniture level='level-abfffc00-1aac-4db1-97d5-2880e7b7be75' name='Minimalistyczna szafka dolna na zlewozmywak z dwiema szufladami' model='67/Minimalistyczna%20szafka%20dolna%20na%20zlewozmywak%20z%20dwiema%20szufladami.obj' x='1251.356' y='944.41016' angle='3.1415927' width='55.7' depth='62.3' height='88.0' shininess='0.0' modelRotation='0 0 -1 0 1 0 1 0 0' modelSize='14836'/>
    <pieceOfFurniture level='level-abfffc00-1aac-4db1-97d5-2880e7b7be75' catalogId='eTeks#texturableBox' name='Blat kuchenny' creator='eTeks' model='10/texturableBox.obj' x='1010.59326' y='944.0602' elevation='87.0' angle='4.712389' width='63.0' depth='534.0' height='2.8' shininess='0.0' modelSize='1661'>
      <texture name='Topola' creator='Emmanuel Puybaret' catalogId='Puybaret#poplar' width='40.0' height='80.0' image='68'/>
    </pieceOfFurniture>
    <pieceOfFurniture level='level-abfffc00-1aac-4db1-97d5-2880e7b7be75' name='CARRIZO GREY ELEWACJA STRUKTURA STRIPES MIX MAT' model='70/CARRIZO%20GREY%20ELEWACJA%20STRUKTURA%20STRIPES%20MIX%20MAT.obj' x='1015.09326' y='975.05975' elevation='90.8' angle='3.1415927' width='543.0' depth='1.0007629' height='140.0' shininess='0.0' modelSize='59172'/>
    <pieceOfFurniture level='level-abfffc00-1aac-4db1-97d5-2880e7b7be75' catalogId='Scopia#induction-cooker-4-zones' name='Płyta indukcyjna czteropalnikowa' creator='Scopia' model='72/induction-cooker-4-zones.obj' x='1073.4531' y='942.352' elevation='89.8' angle='3.1415927' width='56.0' depth='49.5' height='0.4' modelSize='32930'/>
    <pieceOfFurniture level='level-abfffc00-1aac-4db1-97d5-2880e7b7be75' name='Okap kuchenny' creator='Nortberg Adria Black 60' model='74/Adria%20Black%2060.obj' x='1073.3771' y='953.3595' elevation='138.0' angle='3.1415927' width='60.0' depth='42.39979' height='110.84836' modelRotation='0 0 -1 0 1 0 1 0 0' modelSize='786997'/>
    <pieceOfFurniture level='level-abfffc00-1aac-4db1-97d5-2880e7b7be75' name='Minimalistyczna szafa na zbudowaną lodówkę z szafką' model='76/Minimalistyczna%20szafa%20na%20zbudowana%20lodowke%20z%20szafka.obj' x='1308.4038' y='812.65216' angle='1.5707964' width='60.0' depth='62.3' height='228.0' shininess='0.0' modelRotation='0 0 -1 0 1 0 1 0 0' modelSize='79946'/>
    <pieceOfFurniture level='level-abfffc00-1aac-4db1-97d5-2880e7b7be75' name='Minimalistyczna szafa na zbudowaną lodówkę z szafką' model='76/Minimalistyczna%20szafa%20na%20zbudowana%20lodowke%20z%20szafka.obj' x='1308.4038' y='872.65216' angle='1.5707964' width='60.0' depth='62.3' height='228.0' shininess='0.0' modelRotation='0 0 -1 0 1 0 1 0 0' modelSize='79946'/>
    <pieceOfFurniture level='level-abfffc00-1aac-4db1-97d5-2880e7b7be75' name='Minimalistyczna szafa na zbudowaną lodówkę z szafką' model='76/Minimalistyczna%20szafa%20na%20zbudowana%20lodowke%20z%20szafka.obj' x='1308.4038' y='939.00214' angle='1.5707964' width='72.700005' widthInPlan='72.7' depth='62.3' height='228.0' shininess='0.0' modelRotation='0 0 -1 0 1 0 1 0 0' modelSize='79946'/>
    <pieceOfFurniture level='level-abfffc00-1aac-4db1-97d5-2880e7b7be75' catalogId='eTeks#texturableBox' name='Sufit podwieszany nad blatem kuchennym' creator='eTeks' model='10/texturableBox.obj' x='1041.5538' y='955.5602' elevation='228.0' angle='3.1415927' width='596.0' depth='40.0' height='41.0' shininess='0.0' modelSize='1661'/>
    <pieceOfFurniture level='level-abfffc00-1aac-4db1-97d5-2880e7b7be75' catalogId='eTeks#texturableBox' name='Sufit podwieszany nad szafą kuchenną' creator='eTeks' model='10/texturableBox.obj' x='1309.5538' y='859.1417' elevation='228.0' angle='1.5707964' width='153.1' depth='60.0' height='41.0' shininess='0.0' modelSize='1661'/>
  </furnitureGroup>
  <doorOrWindow level='level-abfffc00-1aac-4db1-97d5-2880e7b7be75' name='Otwór do pralni/spiżarni' model='18/Niewidzialne%20okno.obj' x='1186.3995' y='656.9566' angle='3.1415927' width='80.0' depth='8.00075' height='200.0' modelSize='1140' movable='false' wallCutOutOnBothSides='true'/>
  <pieceOfFurniture level='level-abfffc00-1aac-4db1-97d5-2880e7b7be75' name='Drzwi składane do otworu 80 cm' model='78/untitled.dae.obj' x='1186.3324' y='657.55865' width='80.3' depth='7.0' height='200.0' modelSize='63799'>
    <material name='Material' color='FF464950'/>
  </pieceOfFurniture>
  <furnitureGroup level='level-abfffc00-1aac-4db1-97d5-2880e7b7be75' name='Schody' x='1238.4221' y='532.2733' width='188.11438' depth='257.16193' height='286.5'>
    <pieceOfFurniture level='level-abfffc00-1aac-4db1-97d5-2880e7b7be75' name='Schody' model='80/untitled.dae.obj' x='1238.365' y='518.1924' width='188.0' depth='229.0' height='277.5' modelSize='5672'/>
    <pieceOfFurniture level='level-abfffc00-1aac-4db1-97d5-2880e7b7be75' name='Płytki Nowa Gala Mirador na schody' model='82/untitled.dae.obj' x='1238.4722' y='532.3031' width='188.01436' depth='257.10242' height='286.5' modelSize='275750'/>
  </furnitureGroup>
  <pieceOfFurniture level='level-abfffc00-1aac-4db1-97d5-2880e7b7be75' catalogId='Scopia#internal-unity-air-conditioning' name='Klimatyzacja - jednostka wewnętrzna' creator='Scopia' model='86/internal-unity-air-conditioning.obj' x='1470.1755' y='715.7167' elevation='230.0' angle='1.5707964' width='88.5' depth='19.800001' height='28.5' modelSize='185600' movable='false'/>
  <pieceOfFurniture level='level-abfffc00-1aac-4db1-97d5-2880e7b7be75' name='Ościeżnica bezprzylgowa do otworu 90 cm i grubości 12 cm' model='88/untitled.dae.obj' x='1416.4574' y='654.7739' width='98.4' depth='16.0' height='210.7' color='FF474A51' modelSize='4887'/>
  <pieceOfFurniture level='level-abfffc00-1aac-4db1-97d5-2880e7b7be75' name='Ościeżnica bezprzylgowa do otworu 90 cm i grubości 12 cm' model='88/untitled.dae.obj' x='1416.5867' y='776.5655' width='98.4' depth='16.0' height='210.7' color='FF474A51' modelSize='4887'/>
  <pieceOfFurniture level='level-abfffc00-1aac-4db1-97d5-2880e7b7be75' name='Podwieszana toaleta' creator='Cersanit Set b245 miska zawieszana virgo cleanon z deską slim duroplastową' model='90/3ds_k701_427_001_virgo_a_wall_hung_bowl_white.3ds.obj' x='1487.0336' y='599.02625' elevation='9.0' angle='1.5707964' width='36.446648' depth='56.5327' height='41.427876' modelSize='2495424'/>
  <pieceOfFurniture level='level-abfffc00-1aac-4db1-97d5-2880e7b7be75' name='Umywalka' creator='Ravak umywalka mini ceramiczna VEDA Slim 400 biała' model='92/Umyvatko%20VEDA%20Slim%20400%20keramicke.3ds.obj' x='1356.7206' y='598.65784' elevation='85.5' angle='4.712389' width='40.100002' depth='22.300001' height='9.5' modelRotation='0 0 1 0 1 0 -1 0 0' modelSize='741196'/>
  <furnitureGroup level='level-abfffc00-1aac-4db1-97d5-2880e7b7be75' name='Plafon sufitowy' x='1421.298' y='599.4435' elevation='253.8' width='13.0' depth='13.0' height='15.200027'>
    <pieceOfFurniture level='level-abfffc00-1aac-4db1-97d5-2880e7b7be75' name='Plafon sufitowy' creator='EMIBIG TIPER 1 Czarny' model='94/TIPER_1_BLACK_975_1.obj' x='1421.298' y='599.4435' elevation='254.00002' width='13.0' depth='13.0' height='15.000002' modelSize='449186'/>
    <light level='level-abfffc00-1aac-4db1-97d5-2880e7b7be75' catalogId='eTeks#halogenLightSource' name='Halogenowe źródło światła' creator='eTeks' model='62' x='1421.19' y='599.57965' elevation='253.8' width='5.5999994' widthInPlan='5.6' depth='5.5999994' depthInPlan='5.6' height='5.5999994' heightInPlan='5.6' modelSize='1286' horizontallyRotatable='false' deformable='false' texturable='false'/>
  </furnitureGroup>
  <pieceOfFurniture level='level-abfffc00-1aac-4db1-97d5-2880e7b7be75' name='Lustro' creator='Jysk MARSTAL' model='96/untitled.3ds.obj' x='1346.9001' y='599.85297' elevation='140.0' angle='4.712389' width='70.0' depth='3.0' height='70.0' modelSize='16702'/>
  <pieceOfFurniture level='level-abfffc00-1aac-4db1-97d5-2880e7b7be75' name='Bateria umywalkowa' creator='Ravak Bateria umywalkowa' model='98/CR%20012_00.3ds.obj' x='1356.6713' y='589.32684' elevation='94.0' width='4.3468533' depth='14.8' height='14.8' modelSize='265694'/>
  <pieceOfFurniture level='level-abfffc00-1aac-4db1-97d5-2880e7b7be75' name='Szafka podumywalkowa' creator='Black Red White Szafka pod umywalkę 40 cm XILO' model='100/untitled.dae.obj' x='1358.0203' y='598.8461' elevation='27.7' angle='4.712389' width='40.0' depth='24.9' height='57.0' modelSize='282186'/>
  <pieceOfFurniture level='level-abfffc00-1aac-4db1-97d5-2880e7b7be75' name='Rama z list ozdobnych C stalowa – czarna matowa' model='102/untitled.dae.obj' x='1416.6053' y='549.49457' width='94.0' depth='0.89999425' height='208.0' modelSize='35050'/>
  <pieceOfFurniture level='level-abfffc00-1aac-4db1-97d5-2880e7b7be75' name='Uchwyt na papier toaletowy' creator='Ikea SKOGSVIKEN' model='104/untitled.dae.obj' x='1486.407' y='643.9803' elevation='90.0' angle='3.1415927' width='13.000463' depth='8.000913' height='6.000268' modelRotation='1 0 0 0 0 -1 0 1 0' modelSize='105330'/>
  <pieceOfFurniture level='level-abfffc00-1aac-4db1-97d5-2880e7b7be75' name='Szczotka do wc' creator='Ikea EKOLN' model='106/untitled.dae.obj' x='1506.65' y='630.9779' angle='1.5707964' width='9.1' depth='9.1' height='37.9' modelSize='112218'/>
  <pieceOfFurniture level='level-abfffc00-1aac-4db1-97d5-2880e7b7be75' name='Haczyk na ręcznik' creator='Haczyk na ręcznik Royal Artisan' model='108/untitled.dae.obj' x='1347.3002' y='564.00104' elevation='100.0' angle='4.712389' width='5.499994' depth='3.799998' height='5.499994' modelRotation='1 0 0 0 0 -1 0 1 0' modelSize='1752'/>
  <pieceOfFurniture level='level-abfffc00-1aac-4db1-97d5-2880e7b7be75' name='Front szafy w toalecie' model='110/untitled.dae.obj' x='1516.3685' y='598.8902' elevation='120.0' angle='1.5707964' width='100.0' depth='2.199995' height='149.0' modelSize='257913'/>
  <pieceOfFurniture level='level-abfffc00-1aac-4db1-97d5-2880e7b7be75' name='Szafa w wiatrołapie' model='112/untitled.dae.obj' x='1501.1873' y='879.0602' angle='1.5707964' width='193.0' depth='60.699997' height='250.0' modelSize='460435'>
    <material name='Material' color='FF2F4538'/>
  </pieceOfFurniture>
  <furnitureGroup level='level-abfffc00-1aac-4db1-97d5-2880e7b7be75' name='Drzwi ażurowe' x='1481.6216' y='715.9688' angle='1.5707964' width='72.858826' depth='6.3692627' height='201.4' movable='false'>
    <pieceOfFurniture level='level-abfffc00-1aac-4db1-97d5-2880e7b7be75' name='Drzwi ażurowe' model='114/untitled.dae.obj' x='1480.4869' y='715.93744' angle='1.5707965' width='72.7961' depth='4.099999' height='201.4' modelSize='71045'/>
    <doorOrWindow level='level-abfffc00-1aac-4db1-97d5-2880e7b7be75' name='Niewidzialne okno' model='18/Niewidzialne%20okno.obj' x='1482.3062' y='715.99817' angle='1.5707965' width='72.8' depth='5.0' height='201.4' modelSize='1140' movable='false' wallCutOutOnBothSides='true'/>
  </furnitureGroup>
  <pieceOfFurniture level='level-abfffc00-1aac-4db1-97d5-2880e7b7be75' name='Wycieraczka wewnętrzna' creator='Ikea ÖSTERILD' model='116/untitled.dae.obj' x='1410.1232' y='945.56287' width='89.999596' depth='59.9946' height='0.68288904' modelSize='4230270'/>
  <furnitureGroup level='level-abfffc00-1aac-4db1-97d5-2880e7b7be75' name='Lampa sufitowa/ścienna' x='1436.6665' y='475.45038' elevation='248.5' width='20.0' depth='20.0' height='20.48169'>
    <pieceOfFurniture level='level-abfffc00-1aac-4db1-97d5-2880e7b7be75' name='Lampa sufitowa/ścienna' creator='Ikea FRIHULT' model='118/untitled.dae.obj' x='1436.5398' y='475.00052' elevation='250.1' width='16.012983' depth='16.012983' height='18.881678' modelRotation='1 0 0 0 -1 0 0 0 -1' modelSize='9452804'/>
    <light level='level-abfffc00-1aac-4db1-97d5-2880e7b7be75' catalogId='eTeks#lightSource' name='Białe źródło światła' creator='eTeks' model='62' x='1436.6665' y='475.45038' elevation='248.5' width='20.0' depth='20.0' height='20.0' modelSize='1286' horizontallyRotatable='false' deformable='false' texturable='false'/>
  </furnitureGroup>
  <pieceOfFurniture level='level-abfffc00-1aac-4db1-97d5-2880e7b7be75' name='Sufit kartonowo-gipsowy w wiatrołapie' model='121/untitled.obj' x='1441.0538' y='879.0602' elevation='250.0' width='179.0' depth='193.00002' height='1.2' modelSize='659'/>
  <pieceOfFurniture level='level-abfffc00-1aac-4db1-97d5-2880e7b7be75' catalogId='Reallusion#male03' name='Mężczyzna' creator='Reallusion' model='30/male03.obj' x='1502.2113' y='507.33813' angle='1.5707964' width='55.7' depth='39.100002' height='184.0' modelSize='1089484'/>
  <furnitureGroup level='level-abfffc00-1aac-4db1-97d5-2880e7b7be75' name='Plafon' x='1422.6091' y='878.97046' elevation='235.0' width='21.310913' depth='21.200012' height='20.0'>
    <pieceOfFurniture level='level-abfffc00-1aac-4db1-97d5-2880e7b7be75' name='Plafon' creator='Nowodvorski Plafon LID SQUARE LED 35W 4000K' model='123/untitled.dae.obj' x='1422.5536' y='878.9704' elevation='245.79999' width='21.200006' depth='21.199999' height='4.199999' modelRotation='1 0 0 0 -1 0 0 0 -1' modelSize='110314'/>
    <light level='level-abfffc00-1aac-4db1-97d5-2880e7b7be75' catalogId='eTeks#halogenLightSource' name='Halogenowe źródło światła' creator='eTeks' model='62' x='1423.2645' y='879.05096' elevation='235.0' width='20.0' depth='20.0' height='20.0' modelSize='1286' horizontallyRotatable='false' deformable='false' texturable='false'/>
  </furnitureGroup>
  <pieceOfFurniture level='level-abfffc00-1aac-4db1-97d5-2880e7b7be75' name='Kratka ściekowa' creator='Tycner kratka ściekowa' model='125/untitled.dae.obj' x='1436.406' y='475.7486' width='10.3' depth='10.3' height='0.001' modelSize='64665'/>
  <pieceOfFurniture level='level-abfffc00-1aac-4db1-97d5-2880e7b7be75' name='Kratka ściekowa' creator='Tycner kratka ściekowa' model='125/untitled.dae.obj' x='1232.6227' y='466.4689' width='10.3' depth='10.3' height='0.001' modelSize='64665'/>
  <furnitureGroup level='level-abfffc00-1aac-4db1-97d5-2880e7b7be75' name='Lampa punktowa' x='1205.1128' y='717.0375' elevation='258.30002' width='12.699951' depth='12.700012' height='10.699982'>
    <pieceOfFurniture level='level-abfffc00-1aac-4db1-97d5-2880e7b7be75' name='Lampa punktowa' creator='Nowodvorski Lampa punktowa POINT S' model='127/untitled.dae.obj' x='1205.1128' y='717.0375' elevation='261.0' width='12.7' depth='12.7' height='8.0' modelSize='2677565'/>
    <light level='level-abfffc00-1aac-4db1-97d5-2880e7b7be75' catalogId='eTeks#halogenLightSource' name='Halogenowe źródło światła' creator='eTeks' model='62' x='1205.1173' y='716.9942' elevation='258.30002' width='5.0' depth='5.0' height='5.0' modelSize='1286' horizontallyRotatable='false' deformable='false' texturable='false'/>
  </furnitureGroup>
  <furnitureGroup level='level-abfffc00-1aac-4db1-97d5-2880e7b7be75' name='Lampa punktowa' x='1403.4803' y='717.442' elevation='258.30002' width='12.699951' depth='12.700012' height='10.699982'>
    <pieceOfFurniture level='level-abfffc00-1aac-4db1-97d5-2880e7b7be75' name='Lampa punktowa' creator='Nowodvorski Lampa punktowa POINT S' model='127/untitled.dae.obj' x='1403.4803' y='717.442' elevation='261.0' width='12.7' depth='12.7' height='8.0' modelSize='2677565'/>
    <light level='level-abfffc00-1aac-4db1-97d5-2880e7b7be75' catalogId='eTeks#halogenLightSource' name='Halogenowe źródło światła' creator='eTeks' model='62' x='1403.4849' y='717.39874' elevation='258.30002' width='5.0' depth='5.0' height='5.0' modelSize='1286' horizontallyRotatable='false' deformable='false' texturable='false'/>
  </furnitureGroup>
  <furnitureGroup level='level-abfffc00-1aac-4db1-97d5-2880e7b7be75' name='Kinkiet' x='1185.458' y='643.36707' elevation='209.6' angle='3.1415927' width='8.910034' depth='19.179016' height='13.089996'>
    <pieceOfFurniture level='level-abfffc00-1aac-4db1-97d5-2880e7b7be75' name='Kinkiet' creator='SIGMA FLESZ KINKIET E27' model='129/untitled.dae.obj' x='1185.4581' y='643.9566' elevation='210.0' angle='3.1415927' width='8.910001' depth='18.0' height='12.690001' modelSize='1149159'/>
    <light level='level-abfffc00-1aac-4db1-97d5-2880e7b7be75' catalogId='eTeks#halogenLightSource' name='Halogenowe źródło światła' creator='eTeks' model='62' x='1185.388' y='637.7776' elevation='209.6' width='8.0' depth='8.0' height='8.0' modelSize='1286' horizontallyRotatable='false' deformable='false' texturable='false'/>
  </furnitureGroup>
  <furnitureGroup level='level-abfffc00-1aac-4db1-97d5-2880e7b7be75' name='Listwy przypodłogowe' x='1111.84' y='661.1102' width='736.4934' depth='514.9' height='6.0'>
    <pieceOfFurniture level='level-abfffc00-1aac-4db1-97d5-2880e7b7be75' name='Listwa przypodłogowa' creator='Listwa przypodłogowa Decor System DSP08' model='131/untitled.dae.obj' x='1350.6573' y='661.6902' width='33.2' depth='1.6' height='6.0' modelSize='1254'/>
    <pieceOfFurniture level='level-abfffc00-1aac-4db1-97d5-2880e7b7be75' name='Listwa przypodłogowa - róg wypukły' creator='Listwa przypodłogowa Decor System DSP08' model='133/untitled.dae.obj' x='1333.2573' y='661.6902' width='1.6' depth='1.6' height='6.0' modelSize='1346'/>
    <pieceOfFurniture level='level-abfffc00-1aac-4db1-97d5-2880e7b7be75' name='Listwa przypodłogowa' creator='Listwa przypodłogowa Decor System DSP08' model='131/untitled.dae.obj' x='1323.3867' y='769.8154' angle='3.1415927' width='87.9' depth='1.6' height='6.0' modelSize='1254'/>
    <pieceOfFurniture level='level-abfffc00-1aac-4db1-97d5-2880e7b7be75' name='Listwa przypodłogowa - róg wypukły' creator='Listwa przypodłogowa Decor System DSP08' model='133/untitled.dae.obj' x='1278.6367' y='769.8522' angle='1.5707964' width='1.6' depth='1.6' height='6.0' modelSize='1346'/>
    <pieceOfFurniture level='level-abfffc00-1aac-4db1-97d5-2880e7b7be75' name='Listwa przypodłogowa' creator='Listwa przypodłogowa Decor System DSP08' model='131/untitled.dae.obj' x='1278.6366' y='776.6551' angle='1.5707964' width='12.0' depth='1.6' height='6.0' modelSize='1254'/>
    <pieceOfFurniture level='level-abfffc00-1aac-4db1-97d5-2880e7b7be75' name='Listwa przypodłogowa - róg wypukły' creator='Listwa przypodłogowa Decor System DSP08' model='133/untitled.dae.obj' x='1237.7634' y='661.7924' angle='4.712389' width='1.6' depth='1.6' height='6.0' modelSize='1346'/>
    <pieceOfFurniture level='level-abfffc00-1aac-4db1-97d5-2880e7b7be75' name='Listwa przypodłogowa - róg wypukły' creator='Listwa przypodłogowa Decor System DSP08' model='133/untitled.dae.obj' x='1227.2626' y='661.85864' width='1.6' depth='1.6' height='6.0' modelSize='1346'/>
    <pieceOfFurniture level='level-abfffc00-1aac-4db1-97d5-2880e7b7be75' name='Listwa przypodłogowa' creator='Listwa przypodłogowa Decor System DSP08' model='131/untitled.dae.obj' x='1232.4657' y='661.7924' width='9.1' depth='1.6' height='6.0' modelSize='1254'/>
    <pieceOfFurniture level='level-abfffc00-1aac-4db1-97d5-2880e7b7be75' name='Listwa przypodłogowa - róg wypukły' creator='Listwa przypodłogowa Decor System DSP08' model='133/untitled.dae.obj' x='1145.3824' y='661.7566' width='1.6' depth='1.6' height='6.0' modelMirrored='true' modelSize='1346'/>
    <pieceOfFurniture level='level-abfffc00-1aac-4db1-97d5-2880e7b7be75' name='Listwa przypodłogowa' creator='Listwa przypodłogowa Decor System DSP08' model='131/untitled.dae.obj' x='1105.9603' y='661.7323' width='77.2' depth='1.6' height='6.0' modelSize='1254'/>
    <pieceOfFurniture level='level-abfffc00-1aac-4db1-97d5-2880e7b7be75' name='Listwa przypodłogowa - róg wypukły' creator='Listwa przypodłogowa Decor System DSP08' model='133/untitled.dae.obj' x='1066.5603' y='661.7602' angle='1.5707964' width='1.6' depth='1.6' height='6.0' modelMirrored='true' modelSize='1346'/>
    <pieceOfFurniture level='level-abfffc00-1aac-4db1-97d5-2880e7b7be75' name='Listwa przypodłogowa' creator='Listwa przypodłogowa Decor System DSP08' model='131/untitled.dae.obj' x='1066.5603' y='614.39355' angle='1.5707964' width='93.0' depth='1.6' height='6.0' modelSize='1254'/>
    <pieceOfFurniture level='level-abfffc00-1aac-4db1-97d5-2880e7b7be75' name='Listwa przypodłogowa - róg wypukły' creator='Listwa przypodłogowa Decor System DSP08' model='133/untitled.dae.obj' x='1066.5214' y='567.14355' angle='3.1415927' width='1.6' depth='1.6' height='6.0' modelMirrored='true' modelSize='1346'/>
    <pieceOfFurniture level='level-abfffc00-1aac-4db1-97d5-2880e7b7be75' name='Listwa przypodłogowa' creator='Listwa przypodłogowa Decor System DSP08' model='131/untitled.dae.obj' x='1099.8713' y='567.16016' angle='3.1415927' width='65.1' depth='1.6' height='6.0' modelSize='1254'/>
    <pieceOfFurniture level='level-abfffc00-1aac-4db1-97d5-2880e7b7be75' name='Listwa przypodłogowa' creator='Listwa przypodłogowa Decor System DSP08' model='131/untitled.dae.obj' x='1131.6649' y='485.01016' angle='1.5707964' width='162.7' depth='1.6' height='6.0' modelSize='1254'/>
    <pieceOfFurniture level='level-abfffc00-1aac-4db1-97d5-2880e7b7be75' name='Listwa przypodłogowa - róg wypukły' creator='Listwa przypodłogowa Decor System DSP08' model='133/untitled.dae.obj' x='1073.3002' y='404.53226' width='1.6' depth='1.6' height='6.0' modelSize='1346'/>
    <pieceOfFurniture level='level-abfffc00-1aac-4db1-97d5-2880e7b7be75' name='Listwa przypodłogowa' creator='Listwa przypodłogowa Decor System DSP08' model='131/untitled.dae.obj' x='1102.4651' y='404.53226' width='56.8' depth='1.6' height='6.0' modelSize='1254'/>
    <pieceOfFurniture level='level-abfffc00-1aac-4db1-97d5-2880e7b7be75' name='Listwa przypodłogowa - róg wypukły' creator='Listwa przypodłogowa Decor System DSP08' model='133/untitled.dae.obj' x='821.7' y='404.53226' width='1.6' depth='1.6' height='6.0' modelMirrored='true' modelSize='1346'/>
    <pieceOfFurniture level='level-abfffc00-1aac-4db1-97d5-2880e7b7be75' name='Listwa przypodłogowa' creator='Listwa przypodłogowa Decor System DSP08' model='131/untitled.dae.obj' x='782.25' y='404.53226' width='77.3' depth='1.6' height='6.0' modelSize='1254'/>
    <pieceOfFurniture level='level-abfffc00-1aac-4db1-97d5-2880e7b7be75' name='Listwa przypodłogowa - róg wypukły' creator='Listwa przypodłogowa Decor System DSP08' model='133/untitled.dae.obj' x='744.39325' y='658.7602' angle='4.712389' width='1.6' depth='1.6' height='6.0' modelSize='1346'/>
    <pieceOfFurniture level='level-abfffc00-1aac-4db1-97d5-2880e7b7be75' name='Listwa przypodłogowa' creator='Listwa przypodłogowa Decor System DSP08' model='131/untitled.dae.obj' x='744.39325' y='531.6602' angle='4.712389' width='252.6' depth='1.6' height='6.0' modelSize='1254'/>
    <pieceOfFurniture level='level-abfffc00-1aac-4db1-97d5-2880e7b7be75' name='Listwa przypodłogowa - róg wypukły' creator='Listwa przypodłogowa Decor System DSP08' model='133/untitled.dae.obj' x='744.39325' y='760.4602' angle='4.712389' width='1.6' depth='1.6' height='6.0' modelMirrored='true' modelSize='1346'/>
    <pieceOfFurniture level='level-abfffc00-1aac-4db1-97d5-2880e7b7be75' name='Listwa przypodłogowa' creator='Listwa przypodłogowa Decor System DSP08' model='131/untitled.dae.obj' x='744.39325' y='839.9102' angle='4.712389' width='157.3' depth='1.6' height='6.0' modelSize='1254'/>
    <pieceOfFurniture level='level-abfffc00-1aac-4db1-97d5-2880e7b7be75' name='Listwa przypodłogowa' creator='Listwa przypodłogowa Decor System DSP08' model='131/untitled.dae.obj' x='1472.8573' y='661.6902' width='14.4' depth='1.6' height='6.0' modelSize='1254'/>
    <pieceOfFurniture level='level-abfffc00-1aac-4db1-97d5-2880e7b7be75' name='Listwa przypodłogowa' creator='Listwa przypodłogowa Decor System DSP08' model='131/untitled.dae.obj' x='1479.2755' y='670.3902' angle='1.5707964' width='15.8' depth='1.6' height='6.0' modelSize='1254'/>
    <pieceOfFurniture level='level-abfffc00-1aac-4db1-97d5-2880e7b7be75' name='Listwa przypodłogowa - róg wypukły' creator='Listwa przypodłogowa Decor System DSP08' model='133/untitled.dae.obj' x='1479.2755' y='678.7394' angle='1.5707964' width='1.6' depth='1.6' height='6.0' modelMirrored='true' modelSize='1346'/>
    <pieceOfFurniture level='level-abfffc00-1aac-4db1-97d5-2880e7b7be75' name='Listwa przypodłogowa' creator='Listwa przypodłogowa Decor System DSP08' model='131/untitled.dae.obj' x='1472.9366' y='769.8154' angle='3.1415927' width='14.3' depth='1.6' height='6.0' modelSize='1254'/>
    <pieceOfFurniture level='level-abfffc00-1aac-4db1-97d5-2880e7b7be75' name='Listwa przypodłogowa - róg wypukły' creator='Listwa przypodłogowa Decor System DSP08' model='133/untitled.dae.obj' x='1479.2755' y='753.19824' angle='1.5707964' width='1.6' depth='1.6' height='6.0' modelSize='1346'/>
    <pieceOfFurniture level='level-abfffc00-1aac-4db1-97d5-2880e7b7be75' name='Listwa przypodłogowa' creator='Listwa przypodłogowa Decor System DSP08' model='131/untitled.dae.obj' x='1479.2755' y='761.51544' angle='1.5707964' width='15.0' depth='1.6' height='6.0' modelSize='1254'/>
  </furnitureGroup>
  <furnitureGroup level='level-abfffc00-1aac-4db1-97d5-2880e7b7be75' name='Kinkiet' x='1330.3135' y='465.60178' elevation='300.0' angle='1.5707964' width='25.199951' depth='4.300049' height='15.0'>
    <pieceOfFurniture level='level-abfffc00-1aac-4db1-97d5-2880e7b7be75' name='Kinkiet' creator='Nowodvorski Kinkiet HAGA' model='135/untitled.dae.obj' x='1330.3135' y='465.60178' elevation='300.0' angle='1.5707964' width='25.2' depth='4.3' height='15.0' modelSize='52561'/>
    <light level='level-abfffc00-1aac-4db1-97d5-2880e7b7be75' catalogId='eTeks#halogenLightSource' name='Halogenowe źródło światła' creator='eTeks' model='62' x='1329.7635' y='462.55307' elevation='309.9' width='2.5' depth='2.5' height='2.5' modelSize='1286' horizontallyRotatable='false' deformable='false' texturable='false'/>
    <light level='level-abfffc00-1aac-4db1-97d5-2880e7b7be75' catalogId='eTeks#halogenLightSource' name='Halogenowe źródło światła' creator='eTeks' model='62' x='1329.7635' y='468.4531' elevation='301.6' width='2.5' depth='2.5' height='2.5' modelSize='1286' horizontallyRotatable='false' deformable='false' texturable='false'/>
  </furnitureGroup>
  <furnitureGroup level='level-abfffc00-1aac-4db1-97d5-2880e7b7be75' name='Kinkiet' x='1146.615' y='465.24503' elevation='374.0' angle='4.712389' width='25.199951' depth='4.300049' height='15.0'>
    <pieceOfFurniture level='level-abfffc00-1aac-4db1-97d5-2880e7b7be75' name='Kinkiet' creator='Nowodvorski Kinkiet HAGA' model='135/untitled.dae.obj' x='1146.615' y='465.24503' elevation='374.0' angle='4.712389' width='25.2' depth='4.3' height='15.0' modelSize='52561'/>
    <light level='level-abfffc00-1aac-4db1-97d5-2880e7b7be75' catalogId='eTeks#halogenLightSource' name='Halogenowe źródło światła' creator='eTeks' model='62' x='1147.1649' y='468.29373' elevation='383.9' angle='3.1415925' width='2.5' depth='2.5' height='2.5' modelSize='1286' horizontallyRotatable='false' deformable='false' texturable='false'/>
    <light level='level-abfffc00-1aac-4db1-97d5-2880e7b7be75' catalogId='eTeks#halogenLightSource' name='Halogenowe źródło światła' creator='eTeks' model='62' x='1147.1649' y='462.3937' elevation='375.6' angle='3.1415925' width='2.5' depth='2.5' height='2.5' modelSize='1286' horizontallyRotatable='false' deformable='false' texturable='false'/>
  </furnitureGroup>
  <pieceOfFurniture level='level-abfffc00-1aac-4db1-97d5-2880e7b7be75' name='Access Point' creator='Ubiquiti UniFi U6+' model='137/untitled.dae.obj' x='1106.7738' y='716.68634' elevation='266.1' width='16.0' depth='16.0' height='2.9' modelRotation='1 0 0 0 -1 0 0 0 -1' modelSize='768011'/>
  <pieceOfFurniture level='level-abfffc00-1aac-4db1-97d5-2880e7b7be75' name='Drzwi składane do kotłowni' model='139/untitled.dae.obj' x='1416.6033' y='547.27094' width='90.0' depth='3.2506301' height='206.0' modelSize='145672'>
    <material name='9' color='FF474A51'/>
  </pieceOfFurniture>
  <pieceOfFurniture level='level-abfffc00-1aac-4db1-97d5-2880e7b7be75' name='Drzwi PORTA LINE model L.1' creator='PORTA' model='141/untitled.dae.obj' x='1416.5453' y='782.5176' width='81.8' depth='14.400001' height='210.8' modelSize='16614'>
    <material name='Material' color='FF474A51'/>
  </pieceOfFurniture>
  <pieceOfFurniture level='level-abfffc00-1aac-4db1-97d5-2880e7b7be75' name='Skrzydło drzwi z podcięciem' creator='PORTA LINE model L.1 z podcięciem' model='143/untitled.dae.obj' x='1416.4208' y='660.6715' width='81.8' depth='14.400001' height='210.8' modelSize='17178'>
    <material name='Material' color='FF474A51'/>
  </pieceOfFurniture>
  <pieceOfFurniture level='level-abfffc00-1aac-4db1-97d5-2880e7b7be75' name='Boczna stalowa balustrada schodów od połowy' model='145/untitled.dae.obj' x='1285.463' y='553.4825' elevation='212.0' width='94.0' depth='103.85359' height='168.50003' modelSize='15384'/>
  <pieceOfFurniture level='level-abfffc00-1aac-4db1-97d5-2880e7b7be75' name='Kratka wentylacyjna' creator='Dalap GM 152 BKNW' model='147/untitled.dae.obj' x='1073.0978' y='1021.1383' elevation='249.5' width='19.799994' depth='13.899999' height='19.8' modelSize='12907'/>
  <pieceOfFurniture level='level-abfffc00-1aac-4db1-97d5-2880e7b7be75' name='Wideodomofon od furtki' creator='EURA VDP-45A3 Czarny' model='149/untitled.dae.obj' x='1352.5038' y='889.12756' elevation='160.0' angle='4.712389' width='20.9' depth='1.9' height='14.1' modelSize='3309369'/>
  <wall id='wall-f3226765-86ed-4a8a-8e7e-739440e90aaf' level='level-3593ab34-9be4-48af-8ec4-7bf09be86bb8' wallAtStart='wall-caac4401-e1bf-4f1d-993f-0a74cd2f3351' wallAtEnd='wall-61d16f71-55db-45c1-b003-77064cd949bb' xStart='721.59326' yStart='997.5602' xEnd='1553.5372' yEnd='997.5602' height='30.0' thickness='44.0' pattern='hatchUp'>
    <texture attribute='rightSideTexture' name='Szary tynk (Dom w everniach)' width='70.0' height='156.15385' image='154'/>
  </wall>
  <wall id='wall-caac4401-e1bf-4f1d-993f-0a74cd2f3351' level='level-3593ab34-9be4-48af-8ec4-7bf09be86bb8' wallAtStart='wall-2e331b1e-91b1-41d0-8ca0-4d8236a01374' wallAtEnd='wall-f3226765-86ed-4a8a-8e7e-739440e90aaf' xStart='721.59326' yStart='381.73227' xEnd='721.59326' yEnd='997.5602' height='30.0' thickness='44.0' pattern='hatchUp'>
    <texture attribute='rightSideTexture' name='Szary tynk (Dom w everniach)' width='70.0' height='156.15385' image='154'/>
  </wall>
  <wall id='wall-2e331b1e-91b1-41d0-8ca0-4d8236a01374' level='level-3593ab34-9be4-48af-8ec4-7bf09be86bb8' wallAtStart='wall-caac4401-e1bf-4f1d-993f-0a74cd2f3351' wallAtEnd='wall-61d16f71-55db-45c1-b003-77064cd949bb' xStart='721.59326' yStart='381.73227' xEnd='1553.5372' yEnd='381.73227' height='30.0' thickness='44.0' pattern='hatchUp'>
    <texture attribute='leftSideTexture' name='Szary tynk (Dom w everniach)' width='70.0' height='156.15385' image='154'/>
  </wall>
  <wall id='wall-61d16f71-55db-45c1-b003-77064cd949bb' level='level-3593ab34-9be4-48af-8ec4-7bf09be86bb8' wallAtStart='wall-2e331b1e-91b1-41d0-8ca0-4d8236a01374' wallAtEnd='wall-f3226765-86ed-4a8a-8e7e-739440e90aaf' xStart='1553.5372' yStart='381.73227' xEnd='1553.5372' yEnd='997.5602' height='30.0' thickness='44.0' pattern='hatchUp'>
    <texture attribute='leftSideTexture' name='Szary tynk (Dom w everniach)' width='70.0' height='156.15385' image='154'/>
  </wall>
  <wall id='wall-945b3ee5-b746-4b39-b25d-5f161946a763' level='level-abfffc00-1aac-4db1-97d5-2880e7b7be75' wallAtStart='wall-b62bc3f7-079d-4607-b4dc-a2d5ec1163c6' wallAtEnd='wall-7e3abee2-a9fa-4da4-a5a1-f1bf5fc7d8d5' xStart='1553.5372' yStart='381.73227' xEnd='1553.5372' yEnd='997.5602' height='269.0' thickness='44.0' pattern='hatchUp'/>
  <wall id='wall-95c3dab8-29c7-4bb5-9f0e-454c3d134628' level='level-0adc67b6-9a4b-4a28-9596-77874ccca178' wallAtStart='wall-2ba96245-6a60-4757-9952-7a01b123914b' wallAtEnd='wall-e3228b7a-fe9c-4d4d-b0a8-235133294726' xStart='721.59326' yStart='381.73227' xEnd='721.59326' yEnd='997.5602' height='234.0' thickness='44.0' pattern='hatchUp'>
    <texture attribute='rightSideTexture' name='Szary tynk (Dom w everniach)' width='70.0' height='156.15385' image='154'/>
  </wall>
  <wall id='wall-2ba96245-6a60-4757-9952-7a01b123914b' level='level-0adc67b6-9a4b-4a28-9596-77874ccca178' wallAtStart='wall-95c3dab8-29c7-4bb5-9f0e-454c3d134628' wallAtEnd='wall-a721b449-fe43-4776-939d-7a79657f5eb6' xStart='721.59326' yStart='381.73227' xEnd='1553.5372' yEnd='381.73227' height='234.0' thickness='44.0' pattern='hatchUp'>
    <texture attribute='leftSideTexture' name='Szary tynk (Dom w everniach)' width='70.0' height='156.15385' image='154'/>
  </wall>
  <wall id='wall-a721b449-fe43-4776-939d-7a79657f5eb6' level='level-0adc67b6-9a4b-4a28-9596-77874ccca178' wallAtStart='wall-2ba96245-6a60-4757-9952-7a01b123914b' wallAtEnd='wall-e3228b7a-fe9c-4d4d-b0a8-235133294726' xStart='1553.5372' yStart='381.73227' xEnd='1553.5372' yEnd='997.5602' height='234.0' thickness='44.0' pattern='hatchUp'>
    <texture attribute='leftSideTexture' name='Szary tynk (Dom w everniach)' width='70.0' height='156.15385' image='154'/>
  </wall>
  <wall id='wall-e3228b7a-fe9c-4d4d-b0a8-235133294726' level='level-0adc67b6-9a4b-4a28-9596-77874ccca178' wallAtStart='wall-95c3dab8-29c7-4bb5-9f0e-454c3d134628' wallAtEnd='wall-a721b449-fe43-4776-939d-7a79657f5eb6' xStart='721.59326' yStart='997.5602' xEnd='1553.5372' yEnd='997.5602' height='234.0' thickness='44.0' pattern='hatchUp'>
    <texture attribute='rightSideTexture' name='Szary tynk (Dom w everniach)' width='70.0' height='156.15385' image='154'/>
  </wall>
  <wall id='wall-6598ccde-9c46-4ec7-9fca-6a45cd6a6129' level='level-abfffc00-1aac-4db1-97d5-2880e7b7be75' wallAtEnd='wall-49de127e-eb6a-4876-ac15-6365d58aa809' xStart='1338.4635' yStart='401.3901' xEnd='1338.4635' yEnd='654.8902' height='269.0' thickness='12.0' pattern='hatchUp'/>
  <wall id='wall-49de127e-eb6a-4876-ac15-6365d58aa809' level='level-abfffc00-1aac-4db1-97d5-2880e7b7be75' wallAtStart='wall-6598ccde-9c46-4ec7-9fca-6a45cd6a6129' xStart='1338.4635' yStart='654.8902' xEnd='1532.2635' yEnd='654.8902' height='269.0' thickness='12.0' pattern='hatchUp'/>
  <wall id='wall-0eac90be-9fc1-4b00-9984-2f26da25c221' level='level-abfffc00-1aac-4db1-97d5-2880e7b7be75' wallAtEnd='wall-4f0a6af8-495b-4885-812f-74f8c518865c' xStart='1345.5538' yStart='976.132' xEnd='1345.5538' yEnd='776.6154' height='269.0' thickness='12.0' pattern='hatchUp'/>
  <wall id='wall-4f0a6af8-495b-4885-812f-74f8c518865c' level='level-abfffc00-1aac-4db1-97d5-2880e7b7be75' wallAtStart='wall-0eac90be-9fc1-4b00-9984-2f26da25c221' xStart='1345.5538' yStart='776.6154' xEnd='1532.2635' yEnd='776.6154' height='269.0' thickness='12.0' pattern='hatchUp'/>
  <wall id='wall-5a52829e-dd5b-4f5a-b916-261691119ffd' level='level-abfffc00-1aac-4db1-97d5-2880e7b7be75' xStart='1339.9269' yStart='776.65216' xEnd='1279.5269' yEnd='776.65216' height='269.0' thickness='12.0' pattern='hatchUp'/>
  <wall id='wall-754ddf60-ae08-4979-bce1-106c4149e1b8' level='level-abfffc00-1aac-4db1-97d5-2880e7b7be75' xStart='1138.465' yStart='398.0533' xEnd='1138.465' yEnd='603.9533' height='269.0' thickness='12.0' pattern='hatchUp'/>
  <wall id='wall-73a1dac5-128b-4a05-8f72-1fef39da7f24' level='level-abfffc00-1aac-4db1-97d5-2880e7b7be75' xStart='1131.4667' yStart='603.9533' xEnd='1131.4667' yEnd='660.9533' height='269.0' thickness='26.0' pattern='hatchUp'/>
  <wall id='wall-28cfe637-0ff6-468f-89da-30dd1660c4ea' level='level-abfffc00-1aac-4db1-97d5-2880e7b7be75' xStart='1067.4' yStart='585.96014' xEnd='1132.5' yEnd='585.96014' height='269.0' thickness='36.0' pattern='hatchUp'/>
  <wall id='wall-3bf43fc6-f281-41ac-b21f-9ea807b6b7a7' level='level-0adc67b6-9a4b-4a28-9596-77874ccca178' xStart='1338.4635' yStart='402.4901' xEnd='1338.4635' yEnd='716.6901' height='260.0' heightAtEnd='273.0' thickness='12.0' pattern='hatchUp'/>
  <wall id='wall-de904ebe-92ab-4d83-851d-70cab86fc2c9' level='level-0adc67b6-9a4b-4a28-9596-77874ccca178' xStart='741.76355' yStart='722.7343' xEnd='1532.2635' yEnd='722.7343' height='273.0' thickness='12.0' pattern='hatchUp'/>
  <wall id='wall-e0e590b8-37ac-4051-886d-08e4ceed1048' level='level-0adc67b6-9a4b-4a28-9596-77874ccca178' wallAtEnd='wall-b858477e-9636-431a-824e-8483f100c0d9' xStart='1138.465' yStart='402.68585' xEnd='1138.465' yEnd='609.88586' height='260.0' heightAtEnd='273.0' thickness='12.0' pattern='hatchUp'/>
  <wall id='wall-87389f17-4c99-41bc-92c9-54f391c122c9' level='level-0adc67b6-9a4b-4a28-9596-77874ccca178' xStart='1067.4' yStart='585.96014' xEnd='1132.5' yEnd='585.96014' height='273.0' thickness='36.0' pattern='hatchUp'/>
  <wall id='wall-b858477e-9636-431a-824e-8483f100c0d9' level='level-0adc67b6-9a4b-4a28-9596-77874ccca178' wallAtStart='wall-e0e590b8-37ac-4051-886d-08e4ceed1048' xStart='1138.465' yStart='609.88586' xEnd='1056.4741' yEnd='609.88586' height='273.0' thickness='12.0' pattern='hatchUp'/>
  <wall id='wall-6f3e5ace-1599-4baf-a7dd-14abc079cd2f' level='level-0adc67b6-9a4b-4a28-9596-77874ccca178' xStart='1062.4929' yStart='615.6901' xEnd='1062.4929' yEnd='716.89014' height='273.0' thickness='12.0' pattern='hatchUp'/>
  <wall id='wall-08e0d1ac-2742-4a07-82bd-951fe33abbd0' level='level-0adc67b6-9a4b-4a28-9596-77874ccca178' xStart='1176.5146' yStart='976.132' xEnd='1176.5146' yEnd='728.632' height='261.0' thickness='12.0' pattern='hatchUp'/>
  <wall id='wall-a6c1ae3a-8797-482c-8a3f-63c3495c6724' level='level-513a79fc-c086-4a11-906b-853eb7443fa7' wallAtEnd='wall-2b606b0c-b8fd-4c13-9c8e-80e4c3a500fb' xStart='721.59326' yStart='381.73227' xEnd='721.59326' yEnd='689.64624' height='0.0' heightAtEnd='180.0' thickness='44.0' pattern='hatchUp'>
    <texture attribute='rightSideTexture' name='Szary tynk (Dom w everniach)' width='70.0' height='156.15385' image='154'/>
  </wall>
  <wall id='wall-2b606b0c-b8fd-4c13-9c8e-80e4c3a500fb' level='level-513a79fc-c086-4a11-906b-853eb7443fa7' wallAtStart='wall-a6c1ae3a-8797-482c-8a3f-63c3495c6724' xStart='721.59326' yStart='689.64624' xEnd='721.59326' yEnd='997.5602' height='180.0' heightAtEnd='0.0' thickness='44.0' pattern='hatchUp'>
    <texture attribute='rightSideTexture' name='Szary tynk (Dom w everniach)' width='70.0' height='156.15385' image='154'/>
  </wall>
  <wall id='wall-811101ac-44ff-4ae4-95ce-a63469aedb85' level='level-513a79fc-c086-4a11-906b-853eb7443fa7' wallAtEnd='wall-43acbfd1-f276-4c32-9f7a-88f9943b1600' xStart='1553.5372' yStart='381.73227' xEnd='1553.5372' yEnd='689.64624' height='0.0' heightAtEnd='180.0' thickness='44.0' pattern='hatchUp'>
    <texture attribute='leftSideTexture' name='Szary tynk (Dom w everniach)' width='70.0' height='156.15385' image='154'/>
  </wall>
  <wall id='wall-43acbfd1-f276-4c32-9f7a-88f9943b1600' level='level-513a79fc-c086-4a11-906b-853eb7443fa7' wallAtStart='wall-811101ac-44ff-4ae4-95ce-a63469aedb85' xStart='1553.5372' yStart='689.64624' xEnd='1553.5372' yEnd='997.5602' height='180.0' heightAtEnd='0.0' thickness='44.0' pattern='hatchUp'>
    <texture attribute='leftSideTexture' name='Szary tynk (Dom w everniach)' width='70.0' height='156.15385' image='154'/>
  </wall>
  <wall id='wall-97c11ffa-99c8-44ed-a62d-8f79442f616f' level='level-abfffc00-1aac-4db1-97d5-2880e7b7be75' wallAtStart='wall-55f54882-be4b-42dc-ade6-079461dbacf9' wallAtEnd='wall-03b381f9-2047-47d7-82d6-1492baabd046' xStart='721.59326' yStart='997.5602' xEnd='945.4372' yEnd='997.5602' height='269.0' thickness='44.0' pattern='hatchUp'/>
  <wall id='wall-53d42794-5140-4b6f-a8f0-0f3d8eb4d528' level='level-abfffc00-1aac-4db1-97d5-2880e7b7be75' wallAtStart='wall-f08ab606-8ea3-44a6-b602-990f04f17a85' wallAtEnd='wall-b62bc3f7-079d-4607-b4dc-a2d5ec1163c6' xStart='721.59326' yStart='381.73227' xEnd='1385.4933' yEnd='381.73227' height='269.0' thickness='44.0' pattern='hatchUp'/>
  <wall id='wall-b62bc3f7-079d-4607-b4dc-a2d5ec1163c6' level='level-abfffc00-1aac-4db1-97d5-2880e7b7be75' wallAtStart='wall-53d42794-5140-4b6f-a8f0-0f3d8eb4d528' wallAtEnd='wall-945b3ee5-b746-4b39-b25d-5f161946a763' xStart='1385.4933' yStart='381.73227' xEnd='1553.5372' yEnd='381.73227' height='269.0' thickness='44.0' pattern='hatchUp'/>
  <wall id='wall-f08ab606-8ea3-44a6-b602-990f04f17a85' level='level-abfffc00-1aac-4db1-97d5-2880e7b7be75' wallAtStart='wall-53d42794-5140-4b6f-a8f0-0f3d8eb4d528' wallAtEnd='wall-55f54882-be4b-42dc-ade6-079461dbacf9' xStart='721.59326' yStart='381.73227' xEnd='721.59326' yEnd='659.63226' height='269.0' thickness='44.0' pattern='hatchUp'/>
  <wall id='wall-55f54882-be4b-42dc-ade6-079461dbacf9' level='level-abfffc00-1aac-4db1-97d5-2880e7b7be75' wallAtStart='wall-f08ab606-8ea3-44a6-b602-990f04f17a85' wallAtEnd='wall-97c11ffa-99c8-44ed-a62d-8f79442f616f' xStart='721.59326' yStart='659.63226' xEnd='721.59326' yEnd='997.5602' height='269.0' thickness='44.0' pattern='hatchUp'/>
  <wall id='wall-93bf8972-c385-44a6-b0c4-5ec30de41cf1' level='level-abfffc00-1aac-4db1-97d5-2880e7b7be75' xStart='1344.4327' yStart='544.9332' xEnd='1531.6327' yEnd='544.9332' height='269.0' thickness='8.0' pattern='hatchUp'/>
  <wall id='wall-2f92eede-091f-4551-855e-897efac5c874' level='level-abfffc00-1aac-4db1-97d5-2880e7b7be75' wallAtEnd='wall-973c5d00-a327-4d14-990f-1c8c2571ccaf' xStart='1504.5079' yStart='660.8992' xEnd='1504.5079' yEnd='686.8992' height='269.0' thickness='4.0' pattern='hatchUp'/>
  <wall id='wall-973c5d00-a327-4d14-990f-1c8c2571ccaf' level='level-abfffc00-1aac-4db1-97d5-2880e7b7be75' wallAtStart='wall-2f92eede-091f-4551-855e-897efac5c874' xStart='1504.5079' yStart='686.8992' xEnd='1531.5079' yEnd='686.8992' height='269.0' thickness='4.0' pattern='hatchUp'/>
  <wall id='wall-826d3465-2be2-44c1-90af-b94773354e1e' level='level-0adc67b6-9a4b-4a28-9596-77874ccca178' wallAtEnd='wall-436df301-c959-4ac5-ae97-ff2ba05d83f4' xStart='1479.4872' yStart='716.70746' xEnd='1479.4872' yEnd='665.70746' height='273.0' thickness='4.0' pattern='hatchUp'/>
  <wall id='wall-436df301-c959-4ac5-ae97-ff2ba05d83f4' level='level-0adc67b6-9a4b-4a28-9596-77874ccca178' wallAtStart='wall-826d3465-2be2-44c1-90af-b94773354e1e' xStart='1479.4872' yStart='665.70746' xEnd='1531.4872' yEnd='665.70746' height='273.0' thickness='4.0' pattern='hatchUp'/>
  <wall id='wall-03b381f9-2047-47d7-82d6-1492baabd046' level='level-abfffc00-1aac-4db1-97d5-2880e7b7be75' wallAtStart='wall-97c11ffa-99c8-44ed-a62d-8f79442f616f' wallAtEnd='wall-7e3abee2-a9fa-4da4-a5a1-f1bf5fc7d8d5' xStart='945.4372' yStart='997.5602' xEnd='1046.5841' yEnd='997.5602' height='269.0' thickness='44.0' pattern='hatchUp'/>
  <wall id='wall-7e3abee2-a9fa-4da4-a5a1-f1bf5fc7d8d5' level='level-abfffc00-1aac-4db1-97d5-2880e7b7be75' wallAtStart='wall-03b381f9-2047-47d7-82d6-1492baabd046' wallAtEnd='wall-945b3ee5-b746-4b39-b25d-5f161946a763' xStart='1046.5841' yStart='997.5602' xEnd='1553.5372' yEnd='997.5602' height='269.0' thickness='44.0' pattern='hatchUp'/>
  <wall id='wall-2b460e39-ef7b-4b64-af2e-f316c424659c' level='level-0adc67b6-9a4b-4a28-9596-77874ccca178' wallAtEnd='wall-a67b5fca-cbbd-4f20-a470-ab9c11328665' xStart='1182.5' yStart='956.6602' xEnd='1224.2' yEnd='956.6602' height='239.0' thickness='2.0' pattern='hatchUp'/>
  <wall id='wall-a67b5fca-cbbd-4f20-a470-ab9c11328665' level='level-0adc67b6-9a4b-4a28-9596-77874ccca178' wallAtStart='wall-2b460e39-ef7b-4b64-af2e-f316c424659c' xStart='1224.2' yStart='956.6602' xEnd='1224.2' yEnd='975.6602' height='239.0' thickness='2.0' pattern='hatchUp'/>
  <wall id='wall-77865f09-670a-4859-a46e-eebe7c5f62f4' level='level-0adc67b6-9a4b-4a28-9596-77874ccca178' wallAtEnd='wall-0ce9e639-a09d-4e8f-9266-67c850695277' xStart='743.2143' yStart='752.72894' xEnd='767.3143' yEnd='752.72894' height='269.0' thickness='2.0' pattern='hatchUp'/>
  <wall id='wall-0ce9e639-a09d-4e8f-9266-67c850695277' level='level-0adc67b6-9a4b-4a28-9596-77874ccca178' wallAtStart='wall-77865f09-670a-4859-a46e-eebe7c5f62f4' xStart='767.3143' yStart='752.72894' xEnd='767.3143' yEnd='728.632' height='269.0' thickness='2.0' pattern='hatchUp'/>
  <wall id='wall-0a6c879b-704e-41fa-8997-aeda49f7dd04' level='level-abfffc00-1aac-4db1-97d5-2880e7b7be75' wallAtStart='wall-aef1d035-8a7a-4fb0-a7b4-69b4a7446430' xStart='1068.9996' yStart='659.4323' xEnd='1118.5' yEnd='659.4323' height='269.0' thickness='3.0' pattern='hatchUp'/>
  <wall id='wall-aef1d035-8a7a-4fb0-a7b4-69b4a7446430' level='level-abfffc00-1aac-4db1-97d5-2880e7b7be75' wallAtEnd='wall-0a6c879b-704e-41fa-8997-aeda49f7dd04' xStart='1068.9996' yStart='603.9533' xEnd='1068.9996' yEnd='659.4323' height='269.0' thickness='3.0' pattern='hatchUp'/>
  <wall id='wall-5c916ecf-5461-4dfc-adc2-ad6db81245a5' level='level-abfffc00-1aac-4db1-97d5-2880e7b7be75' xStart='1144.4344' yStart='656.9566' xEnd='1226.4344' yEnd='656.9566' height='269.0' thickness='8.0' pattern='hatchUp'/>
  <wall id='wall-c083561b-e7bd-4c84-ab3a-e7aef81c4aee' level='level-abfffc00-1aac-4db1-97d5-2880e7b7be75' xStart='1516.9679' yStart='548.651' xEnd='1516.9679' yEnd='648.951' height='120.0' thickness='1.25' pattern='hatchUp'/>
  <wall id='wall-9c123d9c-6b2a-46bb-bb28-88db1aed0a5c' level='level-abfffc00-1aac-4db1-97d5-2880e7b7be75' xStart='1344.9001' yStart='648.86017' xEnd='1344.9001' yEnd='548.86017' height='269.0' thickness='1.0' pattern='reversedHatchUp'>
    <texture attribute='rightSideTexture' name='Płytka Geotec GT 13' creator='Nowa Gala' width='60.4' height='120.599' image='155'/>
  </wall>
  <wall id='wall-6ed9733c-52a0-4aa3-90d3-d5ed46d62000' level='level-abfffc00-1aac-4db1-97d5-2880e7b7be75' xStart='1345.5538' yStart='549.34436' xEnd='1516.2644' yEnd='549.34436' height='269.0' thickness='1.0' pattern='reversedHatchUp'>
    <texture attribute='rightSideTexture' name='Płytka Geotec GT 12' creator='Nowa Gala' width='60.4' height='120.599' image='156'/>
  </wall>
  <wall id='wall-4d431e6d-c7dd-4547-90a2-e913298753a2' level='level-abfffc00-1aac-4db1-97d5-2880e7b7be75' xStart='1516.2644' yStart='648.4807' xEnd='1345.5538' yEnd='648.4807' height='269.0' thickness='1.0' pattern='reversedHatchUp'>
    <texture attribute='rightSideTexture' name='Płytka Geotec GT 12' creator='Nowa Gala' width='60.4' height='120.599' image='156'/>
  </wall>
  <wall id='wall-565e56c0-140c-41c1-9b39-dd632ed8dea6' level='level-abfffc00-1aac-4db1-97d5-2880e7b7be75' xStart='1515.7999' yStart='549.86035' xEnd='1515.7999' yEnd='647.86035' height='120.0' thickness='1.0' pattern='reversedHatchUp'>
    <texture attribute='rightSideTexture' name='Płytka Geotec GT 12' creator='Nowa Gala' width='60.4' height='120.599' image='156'/>
  </wall>
  <wall id='wall-4058b5eb-1c19-4deb-8eef-f96af503b44c' level='level-abfffc00-1aac-4db1-97d5-2880e7b7be75' xStart='1482.5756' yStart='660.71436' xEnd='1482.5756' yEnd='770.71436' height='269.0' thickness='5.0' pattern='background'/>
  <wall id='wall-13b973fd-3aa6-4bbf-b9d0-25545b87583b' level='level-abfffc00-1aac-4db1-97d5-2880e7b7be75' wallAtEnd='wall-83c7f5b2-9caf-41c1-8066-f373853e2a30' xStart='1232.463' yStart='497.9533' xEnd='1232.463' yEnd='605.6533' height='190.0' heightAtEnd='263.0' thickness='12.0' pattern='hatchUp'/>
  <wall id='wall-83c7f5b2-9caf-41c1-8066-f373853e2a30' level='level-abfffc00-1aac-4db1-97d5-2880e7b7be75' wallAtStart='wall-13b973fd-3aa6-4bbf-b9d0-25545b87583b' xStart='1232.463' yStart='605.6533' xEnd='1232.463' yEnd='660.9533' height='269.0' thickness='12.0' pattern='hatchUp'/>
  <room id='room-7d661a51-833c-4510-a004-afee8683f27d' level='level-0adc67b6-9a4b-4a28-9596-77874ccca178' areaVisible='true' ceilingFlat='true'>
    <point x='743.59326' y='403.73227'/>
    <point x='743.59326' y='716.7343'/>
    <point x='1056.4929' y='716.7343'/>
    <point x='1056.4741' y='603.88586'/>
    <point x='1067.4' y='603.88586'/>
    <point x='1067.4' y='567.96014'/>
    <point x='1132.465' y='567.96014'/>
    <point x='1132.465' y='403.73227'/>
  </room>
  <room id='room-a3dc313a-7cd1-41e5-af26-1bbdbc457186' level='level-0adc67b6-9a4b-4a28-9596-77874ccca178' areaVisible='true' ceilingFlat='true'>
    <point x='743.59326' y='728.7343'/>
    <point x='743.59326' y='975.5602'/>
    <point x='1170.5146' y='975.5602'/>
    <point x='1170.5146' y='728.7343'/>
  </room>
  <room id='room-1d58fe11-0e0c-4b03-b728-c36b7b578f08' level='level-0adc67b6-9a4b-4a28-9596-77874ccca178' areaVisible='true' ceilingFlat='true'>
    <point x='1182.5146' y='728.7343'/>
    <point x='1182.5146' y='975.5602'/>
    <point x='1531.5372' y='975.5602'/>
    <point x='1531.5372' y='728.7343'/>
  </room>
  <room id='room-a8a27c69-cc23-4368-b2f6-217a001bf87c' level='level-0adc67b6-9a4b-4a28-9596-77874ccca178' areaVisible='true' ceilingFlat='true'>
    <point x='1344.4635' y='403.73227'/>
    <point x='1344.4635' y='716.6901'/>
    <point x='1477.4872' y='716.70746'/>
    <point x='1477.4872' y='663.70746'/>
    <point x='1531.4872' y='663.70746'/>
    <point x='1531.5372' y='403.73227'/>
  </room>
  <room id='room-6a9d0f0b-aa41-4865-8f1f-a70ba897693b' level='level-0adc67b6-9a4b-4a28-9596-77874ccca178' areaVisible='true' ceilingFlat='true'>
    <point x='1068.4929' y='615.88586'/>
    <point x='1068.4929' y='716.7343'/>
    <point x='1332.4635' y='716.6901'/>
    <point x='1332.4635' y='615.88586'/>
  </room>
  <room id='room-71d21cf7-c492-4d33-b980-9ee0922a568a' level='level-abfffc00-1aac-4db1-97d5-2880e7b7be75' areaVisible='true' ceilingFlat='true'>
    <texture attribute='floorTexture' name='Oldwood crema gres szkl. struktura mat.' creator='Paradyż' width='181.5' height='40.98875' image='150'/>
    <point x='1132.465' y='403.73227'/>
    <point x='743.59326' y='403.73227'/>
    <point x='743.59326' y='975.5602'/>
    <point x='1339.5538' y='975.5602'/>
    <point x='1339.5538' y='782.65216'/>
    <point x='1279.5269' y='782.65216'/>
    <point x='1279.5269' y='770.65216'/>
    <point x='1226.4344' y='770.65216'/>
    <point x='1226.463' y='660.9533'/>
    <point x='1067.4996' y='660.9323'/>
    <point x='1067.4' y='567.96014'/>
    <point x='1132.465' y='567.96014'/>
  </room>
  <room id='room-26c74d8c-52be-441c-996d-ad426f8e4999' level='level-abfffc00-1aac-4db1-97d5-2880e7b7be75' areaVisible='true' ceilingFlat='true'>
    <texture attribute='floorTexture' name='Gres mrozoodporny szkliwiony Kancoun GoodHome light grey' width='120.6' height='120.6' image='151'/>
    <point x='1344.4635' y='403.73227'/>
    <point x='1344.4635' y='540.9332'/>
    <point x='1531.5372' y='540.9332'/>
    <point x='1531.5372' y='403.73227'/>
  </room>
  <room id='room-77a92f15-8afd-4646-b513-aa3d905b18f5' level='level-abfffc00-1aac-4db1-97d5-2880e7b7be75' areaVisible='true' ceilingVisible='false' ceilingFlat='true'>
    <texture attribute='floorTexture' name='Gres mrozoodporny szkliwiony Kancoun GoodHome light grey' width='120.6' height='120.6' image='151'/>
    <point x='1144.4667' y='652.9566'/>
    <point x='1226.4344' y='652.9566'/>
    <point x='1226.463' y='497.9533'/>
    <point x='1238.463' y='497.9533'/>
    <point x='1238.463' y='609.6533'/>
    <point x='1332.4635' y='609.6533'/>
    <point x='1332.4635' y='403.73227'/>
    <point x='1144.465' y='403.73227'/>
  </room>
  <room id='room-32608477-02e4-46d6-9044-81b29fbc00a8' level='level-abfffc00-1aac-4db1-97d5-2880e7b7be75' areaVisible='true' ceilingFlat='true'>
    <texture attribute='floorTexture' name='Oldwood crema gres szkl. struktura mat.' creator='Paradyż' width='181.5' height='40.98875' image='150'/>
    <point x='1226.4344' y='660.9566'/>
    <point x='1238.463' y='660.9533'/>
    <point x='1238.6384' y='632.37787'/>
    <point x='1332.4635' y='632.37787'/>
    <point x='1332.6389' y='660.7148'/>
    <point x='1531.7126' y='660.7148'/>
    <point x='1531.5372' y='770.6154'/>
    <point x='1226.4344' y='770.65216'/>
  </room>
  <room id='room-04bb7e85-ce69-4cdc-9d8e-bd2b9e611c00' level='level-abfffc00-1aac-4db1-97d5-2880e7b7be75' areaVisible='true' ceilingFlat='true'>
    <texture attribute='floorTexture' name='Płytka Geotec GT 12 R11' creator='Nowa Gala' width='120.4' height='120.40002' image='152'/>
    <point x='1344.4635' y='548.9332'/>
    <point x='1344.4635' y='648.8902'/>
    <point x='1516.3429' y='648.8902'/>
    <point x='1516.3429' y='548.9332'/>
  </room>
  <room id='room-2b530e68-ad03-4080-91ec-07b0df0b2714' level='level-abfffc00-1aac-4db1-97d5-2880e7b7be75' areaVisible='true' ceilingFlat='true'>
    <texture attribute='floorTexture' name='Bergdust grey gres szkl. rekt. mat.' creator='Paradyż' width='120.6' height='120.60001' image='153'/>
    <point x='1351.5538' y='782.6154'/>
    <point x='1351.5538' y='975.5602'/>
    <point x='1531.5372' y='975.5602'/>
    <point x='1531.5372' y='782.6154'/>
  </room>
</home>